id,packet_size_avg,packet_size_sum,timestamp
1,64.625,679,2023-07-11 02:10:16.781540096
2,64.625,679,2023-12-29 14:02:30.675546624
3,64.625,679,2023-08-13 15:43:02.220148480
4,64.625,679,2023-06-25 16:27:22.484497920
5,64.625,679,2023-08-24 19:52:51.689292288
6,64.625,679,2023-07-31 01:16:15.503754752
7,64.625,679,2023-03-27 22:14:50.319430656
8,64.625,679,2023-09-26 05:43:14.248073472
9,64.625,679,2023-04-03 20:27:00.831838464
10,64.625,679,2023-11-27 04:00:47.635049216
11,64.625,679,2023-10-10 02:27:03.690144512
12,64.625,679,2023-10-09 11:47:56.149266944
13,64.625,679,2023-08-26 13:59:37.694059776
14,64.625,679,2023-08-11 19:12:52.383700736
15,64.625,679,2023-04-13 08:55:46.021240064
16,64.625,679,2023-09-30 17:35:17.582590208
17,64.625,679,2023-11-29 14:36:58.568469760
18,64.625,679,2023-06-11 07:22:00.025257216
19,64.625,679,2023-07-22 18:33:30.608557568
20,64.625,679,2023-04-13 08:20:23.597529856
21,64.625,679,2023-06-22 06:05:31.598297088
22,64.625,679,2023-05-31 01:40:19.866219776
23,64.625,679,2023-11-15 10:29:12.158112512
24,64.625,679,2023-06-10 13:34:50.959661056
25,64.625,679,2023-03-29 14:56:36.999392768
26,64.625,679,2023-11-01 20:09:02.934135296
27,64.625,679,2023-02-03 12:17:03.418271488
28,64.625,679,2023-11-15 05:49:20.115731712
29,64.625,679,2023-08-10 18:50:34.747369216
30,64.625,679,2023-11-21 13:08:49.302494208
31,64.625,679,2023-10-23 02:11:53.714923008
32,64.625,679,2023-03-17 09:14:18.185377024
33,64.625,679,2023-11-27 14:24:00.585247488
34,64.625,679,2023-01-25 09:46:53.055844096
35,64.625,679,2023-05-07 11:52:07.439195648
36,64.625,679,2023-07-30 14:32:58.243981056
37,64.625,679,2023-04-08 15:27:41.038664960
38,64.625,679,2023-05-11 21:54:46.931620864
39,64.625,679,2023-07-11 01:53:52.512685824
40,64.625,679,2023-12-06 11:23:02.614999296
41,64.625,679,2023-07-10 11:52:38.102776320
42,64.625,679,2023-03-30 19:11:25.420417792
43,64.625,679,2023-10-06 23:31:47.168431872
44,64.625,679,2023-12-05 07:21:48.123507456
45,64.625,679,2023-02-27 06:38:27.014257408
46,64.625,679,2023-08-25 17:27:45.200123648
47,64.625,679,2023-10-17 08:18:41.129017600
48,64.625,679,2023-06-17 02:04:07.008011776
49,64.625,679,2023-03-26 02:09:39.729872896
50,64.625,679,2023-11-14 22:32:15.651926272
51,64.625,679,2023-08-03 09:41:12.723849728
52,64.625,679,2023-02-24 01:36:51.720346368
53,64.625,679,2023-04-08 12:03:36.202824192
54,64.625,679,2023-07-04 10:24:50.366841856
55,64.625,679,2023-04-04 10:53:16.630280448
56,64.625,679,2023-08-01 12:38:50.832763648
57,64.625,679,2023-07-21 05:55:43.209155584
58,64.625,679,2023-09-15 03:09:14.827128320
59,64.625,679,2023-02-01 20:39:42.720741376
60,64.625,679,2023-02-21 20:36:34.366516480
61,64.625,679,2023-07-27 06:07:54.374766592
62,64.625,679,2023-08-25 12:00:29.893180672
63,64.625,679,2023-12-27 10:59:52.733675264
64,64.625,679,2023-01-05 13:57:58.558535680
65,64.625,679,2023-06-27 02:55:12.963147008
66,64.625,679,2023-12-11 00:27:35.803836160
67,64.625,679,2023-04-22 04:09:48.733062912
68,64.625,679,2023-08-23 04:04:22.451173888
69,64.625,679,2023-04-24 20:00:53.823621888
70,64.625,679,2023-09-06 14:44:55.868861440
71,64.625,679,2023-09-20 04:00:54.036341504
72,64.625,679,2023-03-25 14:51:58.151927040
73,64.625,679,2023-09-06 21:31:59.905542912
74,64.625,679,2023-10-13 06:27:39.296591872
75,64.625,679,2023-02-24 06:05:11.559508992
76,64.625,679,2023-04-11 17:44:31.169760512
77,64.625,679,2023-04-21 00:01:43.950163968
78,64.625,679,2023-02-21 15:25:28.872129536
79,64.625,679,2023-10-15 00:16:00.725233920
80,64.625,679,2023-12-11 02:57:19.373214976
81,64.625,679,2023-06-26 21:12:57.946856704
82,64.625,679,2023-05-21 07:00:52.486222848
83,64.625,679,2023-11-11 15:36:42.019415296
84,64.625,679,2023-02-27 04:58:43.847615232
85,64.625,679,2023-08-15 01:22:47.343018496
86,64.625,679,2023-01-02 16:54:00.794515200
87,64.625,679,2023-03-06 22:43:28.887805184
88,64.625,679,2023-08-24 03:19:48.568046592
89,64.625,679,2023-12-11 11:23:39.970709248
90,64.625,679,2023-07-25 16:03:11.171982080
91,64.625,679,2023-11-13 04:45:15.696977408
92,64.625,679,2023-03-04 08:01:13.030953984
93,64.625,679,2023-10-07 19:52:12.862362368
94,64.625,679,2023-05-30 14:40:32.407155712
95,64.625,679,2023-08-25 21:57:00.299881728
96,64.625,679,2023-01-05 11:40:41.325873920
97,64.625,679,2023-05-10 07:10:00.276673792
98,64.625,679,2023-02-08 02:12:29.310877696
99,64.625,679,2023-05-19 06:35:57.644860416
100,64.625,679,2023-08-07 12:06:40.863261952
101,64.625,679,2023-08-13 11:52:29.839915520
102,64.625,679,2023-07-30 09:42:02.456358656
103,64.625,679,2023-06-23 11:15:26.064939008
104,64.625,679,2023-04-24 21:16:06.727707904
105,64.625,679,2023-08-22 07:35:43.698434048
106,64.625,679,2023-02-15 17:45:33.443754240
107,64.625,679,2023-10-10 15:59:13.956969216
108,64.625,679,2023-08-08 01:10:02.202845952
109,64.625,679,2023-06-22 03:31:30.758188800
110,64.625,679,2023-06-16 14:58:51.302171648
111,64.625,679,2023-09-02 12:15:50.213267200
112,64.625,679,2023-04-10 17:25:23.664580096
113,64.625,679,2023-12-12 07:20:57.142461952
114,64.625,679,2023-04-24 05:02:34.885986304
115,64.625,679,2023-07-23 17:16:49.121980160
116,64.5,645,2023-07-30 22:34:19.666993152
117,64.625,679,2023-05-17 21:30:42.142132992
118,64.625,679,2023-09-23 19:56:04.082309120
119,64.625,679,2023-06-13 12:59:28.205772544
120,64.625,679,2023-01-06 04:39:54.393026560
121,64.625,679,2023-05-01 12:06:07.609978624
122,64.625,679,2023-07-13 13:01:16.949253632
123,64.625,679,2023-04-08 11:49:56.557327104
124,64.625,679,2023-10-18 05:10:48.138120192
125,64.625,679,2023-04-12 19:17:42.555703808
126,64.625,679,2023-02-28 03:02:16.364932352
127,64.625,679,2023-07-03 14:03:19.863262976
128,64.625,679,2023-07-02 17:45:59.240278528
129,64.625,679,2023-06-28 13:29:46.810686976
130,64.625,679,2023-09-13 13:26:13.325975552
131,64.625,679,2023-07-09 19:04:06.410360576
132,0.0,0,2023-01-16 03:05:25.325024000
133,64.625,679,2023-01-03 19:18:14.102738688
134,64.625,679,2023-12-14 12:53:03.298712576
135,64.625,679,2023-06-25 12:53:18.413771264
136,64.625,679,2023-11-07 00:58:34.915191296
137,64.625,679,2023-05-06 02:21:02.220325888
138,64.625,679,2023-01-05 02:43:33.595446784
139,0.0,0,2023-10-04 18:55:46.457508608
140,64.625,679,2023-05-25 17:33:05.351483392
141,64.625,679,2023-09-15 11:07:26.625585920
142,64.625,679,2023-08-22 11:10:24.854375936
143,64.625,679,2023-08-05 00:29:31.713107200
144,64.625,679,2023-06-20 21:28:53.918217216
145,64.625,679,2023-08-17 13:54:32.516167680
146,64.625,679,2023-05-02 01:30:23.958638848
147,64.625,679,2023-10-19 11:35:55.837505536
148,64.625,679,2023-08-16 00:14:10.525289216
149,64.625,679,2023-11-01 23:33:21.605112320
150,64.625,679,2023-12-05 03:28:24.040556800
151,64.625,679,2023-11-04 20:47:21.567528192
152,64.625,679,2023-07-05 22:18:31.571539456
153,64.625,679,2023-01-09 02:40:45.679112192
154,64.625,679,2023-12-06 16:05:41.124211712
155,64.625,679,2023-10-06 07:37:57.499585280
156,64.625,679,2023-08-12 16:06:55.454076416
157,64.625,679,2023-02-25 18:23:11.509706752
158,64.625,679,2023-01-22 15:59:59.598554112
159,64.625,679,2023-10-22 06:41:16.374927872
160,64.625,679,2023-05-08 15:26:05.647140864
161,64.625,679,2023-07-31 20:01:11.040865792
162,64.625,679,2023-12-21 14:33:30.420930560
163,64.625,679,2023-04-27 20:31:21.862726912
164,64.625,679,2023-05-09 13:31:17.143557120
165,64.625,679,2023-07-07 18:22:40.597766656
166,64.625,679,2023-08-05 23:47:36.388928512
167,64.625,679,2023-11-15 09:54:19.240932608
168,64.625,679,2023-03-28 04:29:51.215169536
169,64.625,679,2023-02-01 07:05:35.686917120
170,64.625,679,2023-12-17 19:59:27.234017536
171,64.625,679,2023-02-21 11:08:54.030955520
172,64.625,679,2023-06-28 14:32:07.147037952
173,64.625,679,2023-08-26 17:09:01.261583360
174,64.625,679,2023-09-05 17:30:57.244949760
175,64.625,679,2023-09-19 03:22:45.577055488
176,64.625,679,2023-03-16 22:28:48.976192256
177,64.625,679,2023-09-08 13:19:09.588404480
178,64.625,679,2023-03-02 17:47:10.858257408
179,64.625,679,2023-09-03 15:30:41.810289920
180,64.625,679,2023-09-25 11:00:13.670172416
181,64.625,679,2023-04-08 02:29:01.654541056
182,64.625,679,2023-11-12 11:55:16.936828928
183,64.625,679,2023-03-06 02:03:41.674420992
184,64.625,679,2023-01-25 19:36:33.380502016
185,64.625,679,2023-08-29 19:37:16.639782912
186,64.625,679,2023-12-10 13:20:31.349248256
187,64.625,679,2023-09-13 09:45:55.051542528
188,64.625,679,2023-01-20 05:46:11.919220480
189,64.625,679,2023-07-30 21:33:29.101733888
190,64.625,679,2023-09-13 09:31:05.094616576
191,64.625,679,2023-01-09 19:04:01.178803456
192,64.625,679,2023-09-01 02:24:13.816325376
193,0.0,0,2023-07-17 12:23:39.449577728
194,64.625,679,2023-07-21 19:31:53.790999808
195,64.625,679,2023-09-21 00:05:30.113392128
196,64.625,679,2023-12-14 13:37:05.014678528
197,64.625,679,2023-04-20 20:11:55.888958464
198,64.625,679,2023-09-18 18:44:07.616750592
199,64.625,679,2023-01-10 20:28:05.587226624
200,64.625,679,2023-01-13 19:15:05.050940672
201,10.0,140,2023-08-03 04:50:05.197219072
202,64.625,679,2023-03-06 21:27:01.924574720
203,64.625,679,2023-12-05 23:59:42.553124864
204,64.625,679,2023-08-12 06:30:45.456502272
205,64.625,679,2023-03-20 18:00:17.977850880
206,64.625,679,2023-11-03 16:12:32.100288512
207,64.625,679,2023-07-07 07:11:00.779520000
208,64.625,679,2023-11-28 21:09:03.227357952
209,64.625,679,2023-04-06 13:03:30.392434432
210,64.625,679,2023-08-10 01:14:11.567763456
211,64.625,679,2023-01-29 05:13:45.414831872
212,64.625,679,2023-04-23 13:36:48.439313408
213,64.625,679,2023-02-03 23:33:14.143496960
214,64.625,679,2023-04-09 18:44:09.198429184
215,64.625,679,2023-04-28 03:41:10.163222016
216,64.625,679,2023-03-02 09:51:22.739850752
217,64.625,679,2023-07-11 01:00:16.213335808
218,64.625,679,2023-03-29 05:50:08.671821568
219,64.625,679,2023-03-28 12:38:44.439778560
220,64.625,679,2023-11-07 05:10:29.616036864
221,64.625,679,2023-02-08 04:32:24.719866880
222,64.625,679,2023-03-13 17:42:53.139576064
223,64.625,679,2023-07-04 14:21:04.930024960
224,64.625,679,2023-05-20 13:38:57.564428032
225,64.625,679,2023-07-10 20:56:45.224449536
226,64.625,679,2023-08-03 09:21:53.054749952
227,64.625,679,2023-10-26 12:07:40.769177856
228,64.625,679,2023-11-26 17:37:23.007739648
229,64.625,679,2023-06-28 00:23:46.933369856
230,64.625,679,2023-12-17 01:40:13.019968512
231,64.625,679,2023-06-29 03:03:54.220354048
232,64.625,679,2023-06-17 03:18:51.466645504
233,64.625,679,2023-11-11 14:50:10.264502528
234,64.625,679,2023-07-08 20:35:03.929097472
235,64.625,679,2023-07-09 18:58:42.309187840
236,64.625,679,2023-03-28 21:50:22.354002176
237,64.625,679,2023-09-27 17:07:19.765032192
238,64.625,679,2023-07-27 04:53:05.844825600
239,64.625,679,2023-01-25 23:16:58.858739456
240,64.625,679,2023-03-11 18:05:47.792732928
241,64.625,679,2023-03-28 23:15:05.968237824
242,64.625,679,2023-09-01 18:12:00.105761536
243,64.625,679,2023-08-27 04:06:41.047165440
244,64.625,679,2023-01-30 20:45:45.757625856
245,64.625,679,2023-09-20 12:32:05.563355904
246,64.625,679,2023-04-30 18:06:20.346986496
247,64.625,679,2023-04-14 20:21:43.612965888
248,64.625,679,2023-09-15 18:00:47.450042880
249,64.625,679,2023-09-29 09:23:17.307845376
250,64.625,679,2023-12-26 05:06:01.559540736
251,64.625,679,2023-06-05 08:05:57.680692480
252,64.625,679,2023-04-24 04:10:59.330325248
253,64.625,679,2023-02-13 17:00:00.699502080
254,64.625,679,2023-10-07 12:29:29.242918912
255,64.625,679,2023-02-20 15:56:06.611024128
256,64.625,679,2023-12-18 21:20:42.077167360
257,64.625,679,2023-12-15 14:25:15.847887872
258,64.625,679,2023-02-01 11:27:41.115021824
259,64.625,679,2023-12-03 10:36:34.724287488
260,64.625,679,2023-09-17 07:44:10.148750848
261,64.625,679,2023-02-11 18:43:14.437984000
262,64.625,679,2023-06-04 07:40:51.658342144
263,64.625,679,2023-10-17 01:17:09.126431488
264,64.625,679,2023-05-05 19:23:19.866220800
265,64.625,679,2023-12-27 21:53:34.435505664
266,64.625,679,2023-09-15 08:14:16.445832448
267,64.625,679,2023-06-04 15:22:40.448070912
268,64.625,679,2023-12-29 19:51:10.135697920
269,64.625,679,2023-09-04 10:53:22.854593024
270,64.625,679,2023-04-14 04:15:28.712282624
271,64.625,679,2023-10-17 10:32:03.092786176
272,64.625,679,2023-07-10 08:15:01.558232576
273,64.625,679,2023-01-05 14:11:41.538112256
274,64.625,679,2023-03-23 16:22:19.850902016
275,64.625,679,2023-07-08 02:23:52.992723712
276,64.625,679,2023-04-26 06:38:51.060710400
277,64.625,679,2023-08-23 21:50:56.122067200
278,64.625,679,2023-12-05 19:30:44.579280640
279,64.625,679,2023-09-26 06:21:55.668234496
280,64.625,679,2023-11-23 13:21:09.895360256
281,64.625,679,2023-08-12 03:24:35.874956032
282,64.625,679,2023-09-05 20:44:24.054777856
283,64.625,679,2023-01-18 11:49:40.693078784
284,64.625,679,2023-07-29 11:08:35.944580864
285,64.625,679,2023-01-14 03:18:53.101306880
286,64.625,679,2023-12-04 06:07:30.597517056
287,64.625,679,2023-10-28 06:57:10.182981376
288,64.625,679,2023-06-07 15:15:31.078849536
289,64.625,679,2023-04-22 00:40:21.862235648
290,64.625,679,2023-08-16 08:16:44.611202560
291,64.625,679,2023-02-08 08:18:37.856705280
292,64.625,679,2023-12-21 15:10:04.409020416
293,64.625,679,2023-06-07 22:05:47.487919616
294,64.625,679,2023-11-30 09:34:59.360242944
295,64.625,679,2023-10-20 03:23:37.618607872
296,64.625,679,2023-01-02 06:53:05.702386432
297,64.625,679,2023-03-03 09:33:20.866231040
298,64.625,679,2023-03-24 20:26:40.904201216
299,64.625,679,2023-07-06 00:36:00.494405120
300,64.625,679,2023-03-30 00:43:40.271107840
301,28.8181818181818,317,2023-05-12 03:08:00.573449216
302,64.625,679,2023-06-14 11:05:13.856382464
303,64.625,679,2023-11-17 03:54:09.667793152
304,64.625,679,2023-12-18 17:16:28.382044160
305,64.625,679,2023-01-18 15:43:46.342496256
306,64.625,679,2023-04-21 00:14:52.354821376
307,64.625,679,2023-05-13 02:58:35.817118720
308,64.625,679,2023-06-06 01:12:14.860340224
309,64.625,679,2023-03-13 04:59:52.071584256
310,64.625,679,2023-04-26 02:46:18.238697728
311,64.625,679,2023-03-20 21:07:13.047882752
312,64.625,679,2023-01-23 01:29:03.625918464
313,64.625,679,2023-06-03 16:26:29.615330048
314,64.625,679,2023-06-05 04:48:44.450617344
315,64.625,679,2023-06-20 15:26:28.644065792
316,64.625,679,2023-11-11 23:07:48.367099136
317,64.625,679,2023-02-11 15:20:24.303813632
318,64.625,679,2023-11-12 17:20:18.953861120
319,64.625,679,2023-07-22 04:09:48.365351168
320,64.625,679,2023-05-19 07:53:37.985371904
321,64.625,679,2023-07-03 13:13:12.627546368
322,64.625,679,2023-07-11 11:39:21.129291008
323,64.625,679,2023-10-25 14:53:15.519754752
324,64.625,679,2023-10-22 23:25:03.420198912
325,64.625,679,2023-07-28 21:50:48.994981632
326,64.625,679,2023-10-31 13:53:29.392198912
327,64.625,679,2023-07-07 20:42:06.304627968
328,64.625,679,2023-10-04 01:44:31.787796992
329,64.625,679,2023-03-03 07:08:27.270996480
330,64.625,679,2023-11-24 22:55:48.652467712
331,64.625,679,2023-08-28 12:04:10.066272256
332,64.625,679,2023-04-07 12:43:40.818605568
333,64.625,679,2023-01-23 04:01:25.063299072
334,64.625,679,2023-11-06 15:00:47.002957568
335,64.625,679,2023-12-05 14:45:01.819969792
336,64.625,679,2023-01-06 02:34:14.266631936
337,64.625,679,2023-09-15 21:43:13.006571520
338,64.625,679,2023-10-22 14:22:53.678226432
339,64.625,679,2023-03-25 06:56:41.473543936
340,64.625,679,2023-02-02 22:51:16.214214144
341,64.625,679,2023-07-30 08:07:37.899700736
342,64.625,679,2023-02-03 15:39:25.692962816
343,64.625,679,2023-02-26 00:18:22.584732416
344,64.625,679,2023-07-18 13:24:11.323865088
345,64.625,679,2023-04-21 09:24:03.112834560
346,64.625,679,2023-01-09 16:44:31.950152960
347,64.625,679,2023-05-10 10:05:18.614274816
348,64.625,679,2023-05-07 09:41:12.105691648
349,64.625,679,2023-09-02 13:21:42.764677888
350,64.625,679,2023-08-19 03:54:42.931970560
351,64.625,679,2023-07-10 15:21:23.676733696
352,64.625,679,2023-07-22 10:37:25.533164032
353,64.625,679,2023-02-18 13:35:08.373022720
354,64.625,679,2023-04-14 03:51:14.253445632
355,64.625,679,2023-01-21 20:52:00.127453440
356,64.625,679,2023-10-18 01:56:20.044697344
357,64.625,679,2023-03-09 03:24:36.905925376
358,64.625,679,2023-01-03 23:29:28.586820608
359,64.625,679,2023-08-16 04:31:53.127789568
360,64.625,679,2023-02-21 13:16:18.602427648
361,64.625,679,2023-08-03 14:50:24.972839424
362,64.625,679,2023-01-10 21:22:37.341982720
363,64.625,679,2023-02-06 14:32:41.988172800
364,64.625,679,2023-11-22 09:16:10.898530816
365,64.625,679,2023-01-24 21:56:42.824527616
366,64.625,679,2023-01-24 02:17:50.405207552
367,64.625,679,2023-08-30 08:16:43.712814080
368,64.625,679,2023-08-23 16:17:41.281027328
369,64.625,679,2023-04-08 14:48:30.863036160
370,64.625,679,2023-11-13 06:26:35.395443456
371,64.625,679,2023-10-14 03:49:15.178055168
372,64.625,679,2023-01-14 10:21:37.977716992
373,64.625,679,2023-04-01 19:14:20.718895360
374,64.625,679,2023-03-08 00:37:14.852786688
375,64.625,679,2023-06-17 11:30:45.963910144
376,64.625,679,2023-06-08 16:16:07.172052736
377,64.625,679,2023-03-01 21:33:17.942523648
378,64.625,679,2023-07-05 19:26:06.147323136
379,64.625,679,2023-03-28 16:09:41.779619328
380,64.625,679,2023-12-21 22:30:06.764743680
381,64.625,679,2023-01-15 07:03:45.494208512
382,64.625,679,2023-07-08 20:36:46.764334336
383,64.625,679,2023-04-27 00:02:09.777746688
384,64.625,679,2023-05-27 13:52:37.879489024
385,64.625,679,2023-12-10 06:58:24.428462080
386,64.625,679,2023-09-27 03:34:30.439169792
387,64.625,679,2023-01-02 04:54:57.870184704
388,64.625,679,2023-02-03 07:14:20.294635776
389,64.625,679,2023-08-22 12:34:03.513649408
390,64.625,679,2023-03-23 01:22:18.319025920
391,64.625,679,2023-12-19 14:42:55.788352768
392,64.625,679,2023-04-15 19:54:00.718592768
393,64.625,679,2023-10-06 17:13:37.385287936
394,64.625,679,2023-02-15 17:59:28.476321024
395,64.625,679,2023-07-13 00:48:30.946107904
396,64.625,679,2023-05-11 07:54:44.437328384
397,64.625,679,2023-09-14 16:00:56.322051328
398,64.625,679,2023-08-06 21:37:04.403287296
399,64.625,679,2023-03-03 16:43:20.574960896
400,64.625,679,2023-09-03 00:18:27.661995264
401,64.625,679,2023-06-17 18:33:43.527616768
402,64.625,679,2023-10-11 03:32:18.110472192
403,64.625,679,2023-09-04 04:35:28.313257984
404,64.625,679,2023-05-24 00:44:07.616458496
405,64.625,679,2023-11-22 09:04:42.826559744
406,64.625,679,2023-05-06 01:34:35.112497664
407,64.625,679,2023-05-03 02:29:06.688817920
408,64.625,679,2023-10-20 07:43:55.247276544
409,0.0,0,2023-09-24 10:22:59.103569920
410,0.0,0,2023-09-20 03:52:24.422051072
411,0.0,0,2023-04-02 03:33:36.427772928
412,0.0,0,2023-04-20 00:44:22.494883584
413,0.0,0,2023-10-21 23:36:59.952626944
414,0.0,0,2023-02-25 01:26:40.973538560
415,0.0,0,2023-08-06 17:54:44.952326912
416,0.0,0,2023-10-07 10:17:41.415750144
417,0.0,0,2023-04-18 21:11:03.855447296
418,0.0,0,2023-02-01 04:30:46.108344576
419,0.0,0,2023-02-17 06:09:31.901573632
420,0.0,0,2023-05-05 10:15:48.612050176
421,0.0,0,2023-04-03 11:09:53.814162944
422,0.0,0,2023-02-20 23:49:02.810300928
423,0.0,0,2023-04-28 23:29:53.058721024
424,0.0,0,2023-03-29 16:57:42.487739136
425,0.0,0,2023-05-04 01:57:18.526134784
426,0.0,0,2023-10-11 23:19:52.826610432
427,0.0,0,2023-08-03 06:59:52.775999744
428,0.0,0,2023-08-08 21:19:17.552658944
429,0.0,0,2023-06-24 04:51:02.817634304
430,0.0,0,2023-05-06 14:58:24.436963584
431,0.0,0,2023-11-03 07:00:16.318666240
432,0.0,0,2023-12-22 08:41:17.444416000
433,0.0,0,2023-05-05 10:58:48.006536192
434,0.0,0,2023-12-07 22:14:42.654205184
435,0.0,0,2023-07-08 02:27:05.045407488
436,0.0,0,2023-07-26 08:35:35.573919232
437,0.0,0,2023-03-31 03:12:38.080477696
438,0.0,0,2023-03-08 00:37:20.327011328
439,0.0,0,2023-12-22 22:19:58.060372992
440,0.0,0,2023-01-14 01:18:16.923792640
441,0.0,0,2023-03-11 00:07:20.005255424
442,0.0,0,2023-03-30 11:28:38.187064576
443,0.0,0,2023-10-17 08:11:58.195805184
444,0.0,0,2023-07-04 04:26:02.488362496
445,0.0,0,2023-03-01 00:50:15.903559424
446,0.0,0,2023-03-15 08:25:30.128497152
447,0.0,0,2023-08-22 07:44:42.645484544
448,0.0,0,2023-12-20 09:28:48.495514112
449,0.0,0,2023-04-04 01:08:45.901275904
450,0.0,0,2023-06-09 15:40:29.009698816
451,0.0,0,2023-02-23 21:33:17.386840320
452,0.0,0,2023-06-26 21:23:29.296987136
453,0.0,0,2023-03-04 15:55:51.855477504
454,0.0,0,2023-12-19 12:15:38.730374656
455,0.0,0,2023-04-08 00:57:17.330598656
456,0.0,0,2023-12-02 17:45:31.861079808
457,0.0,0,2023-01-05 02:27:52.147345408
458,0.0,0,2023-07-01 15:18:03.364734208
459,0.0,0,2023-01-24 17:14:12.458312704
460,0.0,0,2023-01-23 08:24:55.312302592
461,0.0,0,2023-03-04 08:55:57.276157440
462,0.0,0,2023-01-06 03:33:37.668218368
463,0.0,0,2023-01-11 08:22:45.295947264
464,0.0,0,2023-12-27 08:43:37.526713088
465,0.0,0,2023-10-26 08:17:05.214715136
466,0.0,0,2023-07-16 07:16:22.456087040
467,0.0,0,2023-04-09 18:56:49.567365888
468,0.0,0,2023-07-04 18:21:42.909520640
469,0.0,0,2023-07-26 04:31:31.374618368
470,0.0,0,2023-01-27 13:54:48.189732352
471,0.0,0,2023-06-20 22:52:10.553529856
472,0.0,0,2023-06-15 13:21:11.261784576
473,0.0,0,2023-12-27 12:22:04.390973184
474,0.0,0,2023-06-28 02:59:17.965391616
475,0.0,0,2023-09-23 06:53:08.211099392
476,0.0,0,2023-10-14 02:03:21.119704320
477,0.0,0,2023-12-12 06:56:19.742874368
478,0.0,0,2023-09-08 14:52:31.081224192
479,0.0,0,2023-09-24 11:34:16.041776896
480,0.0,0,2023-08-09 02:00:56.788350976
481,0.0,0,2023-10-05 09:33:36.575452160
482,0.0,0,2023-12-21 00:25:32.632276480
483,0.0,0,2023-09-07 05:11:38.369342464
484,0.0,0,2023-08-10 17:48:30.926652160
485,0.0,0,2023-10-31 04:22:43.640983296
486,0.0,0,2023-01-19 04:39:48.446838528
487,0.0,0,2023-02-22 01:15:19.695275776
488,0.0,0,2023-10-09 15:19:19.788805120
489,0.0,0,2023-07-16 07:39:23.900812288
490,0.0,0,2023-08-09 04:25:59.720528640
491,0.0,0,2023-09-18 18:10:10.113641216
492,0.0,0,2023-09-06 14:39:56.018282752
493,0.0,0,2023-09-22 22:06:03.080060672
494,0.0,0,2023-02-05 11:13:32.675878400
495,0.0,0,2023-10-03 15:53:35.880302336
496,0.0,0,2023-11-03 08:38:53.155567872
497,0.0,0,2023-01-18 15:37:47.875817216
498,0.0,0,2023-09-15 20:27:33.844354560
499,0.0,0,2023-10-20 03:51:41.168707328
500,0.0,0,2023-12-18 17:02:05.309764608
501,0.0,0,2023-04-05 12:00:10.689011456
502,0.0,0,2023-05-17 07:06:07.590954240
503,0.0,0,2023-03-29 10:37:54.378059264
504,64.625,679,2023-09-10 01:57:52.867870464
505,64.625,679,2023-02-27 07:16:42.023730176
506,64.625,679,2023-09-28 22:23:27.728106496
507,64.625,679,2023-09-01 13:02:31.984802560
508,64.625,679,2023-04-12 12:51:36.639160576
509,64.625,679,2023-12-19 22:44:29.091042304
510,64.625,679,2023-05-25 10:54:00.267371520
511,4.6,23,2023-12-06 11:31:05.919351296
512,3.28571428571429,23,2023-09-21 08:10:23.347572224
513,64.625,679,2023-08-28 17:41:31.626542848
514,64.625,679,2023-06-20 11:09:39.308787968
515,64.625,679,2023-04-14 08:09:10.164469248
516,64.625,679,2023-03-03 07:47:49.561710848
517,64.625,679,2023-09-19 05:53:54.414240000
518,64.625,679,2023-01-12 19:39:22.462198016
519,64.625,679,2023-02-23 16:52:42.533417984
520,64.625,679,2023-09-10 12:28:34.716197120
521,64.625,679,2023-04-02 13:13:03.922044928
522,64.625,679,2023-05-08 06:15:29.724299520
523,64.625,679,2023-05-15 14:24:30.223200512
524,64.625,679,2023-11-27 00:08:28.746916608
525,64.625,679,2023-02-06 07:26:28.360102400
526,64.625,679,2023-02-03 11:47:01.249476608
527,64.625,679,2023-12-30 02:53:08.004685568
528,64.625,679,2023-11-14 20:19:58.165075456
529,64.625,679,2023-05-26 08:18:43.527823872
530,64.625,679,2023-06-23 03:45:34.712097024
531,64.625,679,2023-06-16 10:09:46.416699136
532,64.625,679,2023-01-18 01:35:18.559087616
533,64.625,679,2023-12-11 19:26:50.449897216
534,64.625,679,2023-07-28 05:37:08.601183488
535,64.625,679,2023-01-01 22:47:30.201371392
536,64.625,679,2023-05-25 09:07:56.634707200
537,64.625,679,2023-07-17 02:12:57.203525376
538,64.625,679,2023-06-17 23:53:57.409110016
539,64.625,679,2023-03-28 15:50:32.960670720
540,64.625,679,2023-05-23 23:31:18.570057984
541,64.625,679,2023-05-09 04:23:44.694914304
542,12.5,25,2023-10-07 18:36:07.164632576
543,64.625,679,2023-08-09 19:56:14.564568064
544,64.625,679,2023-09-25 04:42:07.448584448
545,50.7777777777778,679,2023-05-14 07:42:49.047282944
546,64.625,679,2023-10-14 04:39:21.636032512
547,40.7364341085271,679,2023-03-27 16:15:34.631395840
548,64.625,679,2023-09-04 05:30:29.609931520
549,64.625,679,2023-03-07 14:15:42.440694528
550,64.625,679,2023-04-13 18:29:58.385765376
551,64.625,679,2023-09-07 17:45:59.416470016
552,64.625,679,2023-12-14 10:44:46.131419136
553,64.625,679,2023-06-13 11:22:13.904329728
554,64.625,679,2023-02-02 22:04:22.209483008
555,64.625,679,2023-10-04 03:44:04.945772032
556,64.625,679,2023-03-10 06:16:00.352836352
557,64.625,679,2023-04-01 15:41:36.604579072
558,64.625,679,2023-11-14 01:35:57.621823488
559,64.625,679,2023-01-02 19:46:28.832591872
560,64.625,679,2023-09-07 19:16:57.378393856
561,64.625,679,2023-01-22 01:48:15.253683968
562,64.625,679,2023-02-09 13:25:05.529945088
563,64.625,679,2023-05-02 09:03:56.067131136
564,64.625,679,2023-01-24 14:02:06.292398336
565,64.625,679,2023-12-18 07:01:47.273751296
566,64.625,679,2023-11-30 06:18:27.625558272
567,64.625,679,2023-12-15 01:09:10.299282688
568,64.625,679,2023-05-12 18:21:41.978199296
569,64.625,679,2023-12-16 17:35:43.909134080
570,64.625,679,2023-07-30 12:20:41.326257920
571,64.625,679,2023-12-18 04:25:49.235700736
572,64.625,679,2023-10-08 15:21:35.604632064
573,64.625,679,2023-06-26 08:32:49.465959424
574,64.625,679,2023-10-28 16:31:42.126513408
575,64.625,679,2023-08-13 11:26:44.560407040
576,64.625,679,2023-03-06 07:14:09.718277632
577,64.625,679,2023-11-25 16:50:57.375419648
578,64.625,679,2023-02-28 17:03:38.008021504
579,64.625,679,2023-01-23 09:34:52.244177664
580,64.625,679,2023-12-22 02:46:28.826099200
581,64.625,679,2023-11-01 11:37:46.849436160
582,64.625,679,2023-04-08 04:42:45.568943360
583,64.625,679,2023-06-13 17:15:04.089181952
584,64.625,679,2023-09-11 12:46:43.265142528
585,64.625,679,2023-12-26 03:01:03.605889280
586,64.625,679,2023-05-08 15:58:36.583771392
587,64.625,679,2023-12-08 03:26:23.293335808
588,64.625,679,2023-01-13 17:26:44.055635968
589,64.625,679,2023-05-07 21:41:21.633131520
590,64.625,679,2023-05-24 12:55:48.883660032
591,64.625,679,2023-11-30 08:22:17.818527232
592,64.625,679,2023-07-09 01:40:47.781670144
593,64.625,679,2023-05-30 10:08:48.499683840
594,35.9411764705882,679,2023-05-17 08:50:10.628523264
595,64.625,679,2023-09-16 05:38:24.032998912
596,64.625,679,2023-04-05 12:42:27.197746944
597,64.625,679,2023-04-30 01:16:54.053242112
598,17.3333333333333,52,2023-03-20 19:55:16.382911488
599,64.625,679,2023-12-24 11:40:36.936107008
600,64.625,679,2023-11-13 03:35:50.241985792
601,64.625,679,2023-07-13 16:35:55.824227072
602,64.625,679,2023-11-28 23:43:02.945507840
603,64.625,679,2023-06-11 14:13:18.719435520
604,26.7,267,2023-10-25 01:18:24.450360320
605,64.625,679,2023-11-18 01:27:46.399025664
606,64.625,679,2023-08-09 13:57:36.729230336
607,64.625,679,2023-02-14 17:17:06.851266560
608,64.625,679,2023-01-16 00:54:20.664443648
609,64.625,679,2023-10-10 12:56:37.192386048
610,64.625,679,2023-11-08 18:44:36.183520000
611,64.625,679,2023-12-22 04:57:47.657525760
612,64.625,679,2023-07-13 22:13:16.540684544
613,0.0,0,2023-07-18 09:33:45.286187776
614,26.8,268,2023-11-26 13:25:11.727859200
615,64.625,679,2023-10-05 12:03:27.731534848
616,64.625,679,2023-11-22 20:46:42.852227328
617,64.625,679,2023-06-10 23:38:39.527800320
618,0.0,0,2023-07-13 02:28:44.816532992
619,64.625,679,2023-01-05 06:31:29.465037824
620,64.625,679,2023-06-30 21:04:28.595318016
621,64.625,679,2023-03-26 02:06:46.297961472
622,64.625,679,2023-01-16 01:13:42.657488896
623,64.625,679,2023-07-04 23:53:49.154409472
624,64.625,679,2023-05-23 14:37:28.387880704
625,64.625,679,2023-11-23 02:47:04.664367872
626,64.625,679,2023-11-11 11:59:00.520830976
627,27.0,270,2023-09-26 19:17:55.700444160
628,64.625,679,2023-03-28 11:36:29.408871936
629,64.625,679,2023-03-31 09:31:48.590787328
630,64.625,679,2023-02-02 18:05:28.329517056
631,64.625,679,2023-08-13 18:29:41.372293120
632,64.625,679,2023-04-21 01:49:43.662738176
633,64.625,679,2023-01-19 07:10:39.152452608
634,64.625,679,2023-11-21 22:18:19.064146432
635,64.625,679,2023-09-24 01:09:46.418548992
636,64.625,679,2023-12-01 02:49:29.192918272
637,64.625,679,2023-10-09 19:32:14.387647232
638,64.625,679,2023-11-08 11:23:00.725996544
639,64.625,679,2023-05-29 08:01:42.491645184
640,64.625,679,2023-07-19 18:24:38.587654144
641,64.625,679,2023-10-09 05:52:23.628626176
642,64.625,679,2023-03-02 19:50:46.438042624
643,64.625,679,2023-03-01 16:23:44.313626880
644,64.625,679,2023-02-21 19:29:28.747216384
645,64.625,679,2023-06-15 01:57:39.697090560
646,64.625,679,2023-05-08 16:12:59.346884096
647,64.625,679,2023-05-14 21:37:39.576653056
648,64.625,679,2023-12-24 07:00:46.728570880
649,64.625,679,2023-07-26 16:17:36.331975936
650,64.625,679,2023-11-09 12:13:57.221198080
651,64.625,679,2023-08-15 03:21:03.446713856
652,64.625,679,2023-06-28 02:15:28.941865216
653,64.625,679,2023-08-29 23:26:07.172101888
654,64.625,679,2023-11-18 23:36:41.577147648
655,64.625,679,2023-07-18 16:29:43.528001792
656,64.625,679,2023-07-10 04:49:09.368437504
657,64.625,679,2023-12-15 01:50:39.993210624
658,64.625,679,2023-09-29 13:48:43.758343936
659,64.625,679,2023-03-23 15:32:32.114012928
660,64.625,679,2023-05-02 14:29:45.366427392
661,64.625,679,2023-10-25 03:37:52.835090944
662,64.625,679,2023-06-29 07:12:41.466735104
663,64.625,679,2023-02-12 20:22:02.812704000
664,64.625,679,2023-03-20 16:39:29.125799168
665,64.625,679,2023-01-26 07:06:16.476798208
666,64.625,679,2023-03-06 11:00:41.203552512
667,64.625,679,2023-07-28 08:46:08.521856768
668,64.625,679,2023-05-10 18:52:15.724215552
669,64.625,679,2023-01-10 04:42:06.228992768
670,64.625,679,2023-02-24 14:00:51.108495616
671,64.625,679,2023-03-17 08:15:39.947127552
672,64.625,679,2023-06-01 18:21:09.250389248
673,64.625,679,2023-12-08 03:46:32.248774912
674,64.625,679,2023-06-11 16:10:09.867913216
675,55.875,447,2023-10-22 10:11:42.272599040
676,64.625,679,2023-04-07 07:42:21.439379968
677,64.625,679,2023-09-27 00:45:02.217827584
678,64.625,679,2023-07-29 14:59:14.330047488
679,64.625,679,2023-01-26 13:36:08.426143488
680,64.625,679,2023-01-18 03:49:46.118651392
681,64.625,679,2023-09-09 07:00:03.002868480
682,64.625,679,2023-08-15 23:48:58.689704448
683,64.625,679,2023-08-28 01:58:41.103299840
684,64.625,679,2023-01-15 11:46:47.240249088
685,64.625,679,2023-07-18 10:27:00.530557952
686,64.625,679,2023-10-21 06:34:03.689114624
687,64.625,679,2023-06-26 23:49:37.071453952
688,64.625,679,2023-05-28 18:56:14.115886848
689,64.625,679,2023-07-17 15:00:03.357789952
690,64.625,679,2023-11-10 02:51:17.791205120
691,64.625,679,2023-06-05 05:00:23.674020096
692,64.625,679,2023-02-05 10:06:10.336326912
693,64.625,679,2023-02-04 14:47:32.793517824
694,64.625,679,2023-11-14 05:20:11.085445888
695,64.625,679,2023-08-07 00:51:47.694582016
696,64.625,679,2023-10-16 20:30:32.163940352
697,64.625,679,2023-12-02 05:52:18.764362496
698,64.625,679,2023-07-03 03:59:15.120779008
699,64.625,679,2023-08-25 14:29:35.581854976
700,64.625,679,2023-08-09 06:29:04.733794048
701,0.0,0,2023-06-03 20:50:15.040672256
702,64.625,679,2023-03-29 10:07:45.812098048
703,64.625,571,2023-09-15 16:34:32.069758976
704,64.625,679,2023-03-08 19:34:03.800312320
705,60.530612244898,679,2023-02-01 10:03:08.417695744
706,64.625,571,2023-11-01 05:47:31.930450688
707,60.530612244898,679,2023-09-18 06:06:11.959404288
708,64.625,679,2023-01-18 03:06:01.893729024
709,52.2307692307692,679,2023-02-28 06:55:53.211481856
710,64.625,571,2023-09-23 20:31:47.055869184
711,56.5833333333333,679,2023-06-16 06:35:09.378372096
712,64.625,571,2023-05-15 11:28:26.229012992
713,64.625,679,2023-11-19 09:25:48.254567680
714,64.625,571,2023-03-19 14:43:38.564253184
715,56.5833333333333,679,2023-03-11 00:47:44.391113472
716,64.625,571,2023-04-16 08:52:10.445889536
717,56.5833333333333,679,2023-11-22 13:48:01.011544064
718,64.625,571,2023-11-30 16:15:57.752347904
719,52.2307692307692,679,2023-08-17 14:04:18.872749824
720,51.9090909090909,571,2023-11-03 20:03:28.710796800
721,60.530612244898,679,2023-12-06 02:06:05.095701504
722,64.625,679,2023-08-10 22:31:16.693881344
723,60.530612244898,679,2023-09-17 02:57:26.437610752
724,64.625,679,2023-04-28 05:40:01.378867200
725,52.2307692307692,679,2023-03-12 20:30:08.993281024
726,64.625,571,2023-07-05 21:42:40.344296960
727,0.0,0,2023-12-28 05:47:30.084961280
728,64.625,679,2023-01-25 21:16:25.148740864
729,64.625,679,2023-07-09 13:32:59.514491648
730,64.625,546,2023-06-19 19:26:32.805264640
731,64.625,546,2023-07-10 09:01:05.926428928
732,64.625,679,2023-06-12 20:34:56.855131648
733,0.0,0,2023-11-12 06:16:34.660557824
734,56.5833333333333,679,2023-09-28 01:52:32.222093056
735,64.625,571,2023-11-10 12:04:42.445219840
736,52.2307692307692,679,2023-07-19 03:02:12.306024704
737,64.625,571,2023-08-18 08:48:15.842342656
738,52.2307692307692,679,2023-08-22 08:09:21.164470528
739,64.625,571,2023-02-02 14:36:34.914123520
740,54.32,679,2023-09-15 02:21:14.732035584
741,64.625,571,2023-12-02 19:48:49.819729152
742,54.32,679,2023-11-18 14:28:38.995841024
743,64.625,571,2023-04-06 04:15:33.580295936
744,56.5833333333333,679,2023-09-06 16:20:32.952624128
745,64.625,571,2023-11-06 23:59:33.288587264
746,56.5833333333333,679,2023-04-12 16:29:40.569599232
747,64.625,571,2023-03-18 05:57:05.458144000
748,64.625,679,2023-05-19 07:15:16.553204480
749,64.625,571,2023-04-05 19:39:05.527897088
750,64.625,679,2023-12-21 01:41:43.331703040
751,64.625,571,2023-12-30 11:04:15.998587904
752,56.5833333333333,679,2023-08-24 17:27:36.421474304
753,64.625,571,2023-12-17 02:58:45.444934912
754,56.5833333333333,679,2023-04-23 01:12:31.925998080
755,56.5833333333333,679,2023-01-19 20:48:51.107797760
756,64.625,571,2023-03-29 07:52:02.465936640
757,54.52,679,2023-08-24 09:25:42.341401344
758,64.625,571,2023-08-12 09:54:51.849448192
759,56.5833333333333,679,2023-03-04 22:56:44.438331904
760,64.625,571,2023-12-17 17:09:28.674715392
761,54.52,679,2023-07-15 01:24:46.346003712
762,64.625,571,2023-02-18 09:54:49.400915456
763,56.5833333333333,679,2023-01-22 01:13:39.271845120
764,64.625,571,2023-10-26 13:04:08.182081024
765,0.0,0,2023-08-02 15:11:39.372307456
766,64.625,679,2023-07-08 01:50:36.339144960
767,64.625,546,2023-05-03 01:57:13.713415680
768,64.625,571,2023-05-25 09:27:25.049361920
769,56.5833333333333,679,2023-04-02 05:58:12.326002432
770,56.5833333333333,679,2023-09-07 22:18:31.162396928
771,64.625,571,2023-06-30 18:46:36.620573696
772,52.2307692307692,679,2023-07-26 03:43:30.550273024
773,64.625,571,2023-01-31 19:23:11.141734912
774,64.625,679,2023-05-28 02:59:51.515618560
775,64.625,571,2023-10-29 01:55:22.306810624
776,52.2307692307692,679,2023-10-22 17:31:37.120070144
777,51.9090909090909,571,2023-08-26 23:49:15.927181568
778,64.625,679,2023-09-13 09:37:12.769639680
779,64.625,679,2023-03-31 18:12:44.780200448
780,56.5833333333333,679,2023-02-25 11:32:18.347937024
781,64.625,571,2023-07-06 20:21:25.827751936
782,56.5833333333333,679,2023-11-28 03:24:51.561388544
783,64.625,571,2023-03-11 20:25:33.756146688
784,56.5833333333333,679,2023-06-04 15:35:05.729775872
785,64.625,571,2023-05-02 03:08:56.936353024
786,64.625,679,2023-01-23 20:05:50.412615424
787,64.625,571,2023-10-08 06:44:20.207541248
788,52.2307692307692,679,2023-10-13 22:51:37.916536576
789,64.625,571,2023-07-23 23:37:51.342945536
790,56.5833333333333,679,2023-06-09 22:45:53.669022208
791,64.625,571,2023-02-20 08:07:44.947832320
792,64.625,679,2023-04-27 01:02:42.221842432
793,64.625,571,2023-01-04 01:15:43.552807168
794,56.5833333333333,679,2023-11-26 03:46:18.191653376
795,64.625,571,2023-09-18 14:37:17.929643520
796,0.0,0,2023-12-27 05:04:05.709762816
797,64.625,679,2023-08-22 17:10:38.184291840
798,64.625,546,2023-06-02 02:52:04.030160896
799,64.625,571,2023-03-08 05:07:00.256268800
800,52.2307692307692,679,2023-04-23 06:42:30.471788544
801,0.0,0,2023-09-12 17:39:59.086236928
802,0.0,0,2023-11-16 04:11:41.708950784
803,0.0,0,2023-07-10 19:38:05.764785664
804,0.0,0,2023-03-23 12:25:58.194720768
805,0.0,0,2023-12-27 10:52:57.252961792
806,0.0,0,2023-11-26 12:56:01.203515648
807,0.0,0,2023-03-22 21:25:44.918090496
808,0.0,0,2023-10-22 21:25:25.428995584
809,0.0,0,2023-08-07 00:11:10.077036032
810,0.0,0,2023-03-20 13:08:57.565975296
811,0.0,0,2023-08-26 21:31:40.206716928
812,0.0,0,2023-04-01 10:27:53.953612544
813,0.0,0,2023-06-12 20:49:06.361997824
814,0.0,0,2023-04-25 10:09:19.157789184
815,0.0,0,2023-03-19 02:44:59.649566720
816,0.0,0,2023-09-26 10:32:53.289614336
817,0.0,0,2023-01-15 01:41:48.670088960
818,0.0,0,2023-05-20 15:39:36.601297664
819,0.0,0,2023-02-07 14:24:49.015269120
820,0.0,0,2023-01-07 23:04:55.640487168
821,0.0,0,2023-06-25 20:52:01.473761536
822,0.0,0,2023-10-10 08:05:18.803268352
823,0.0,0,2023-06-28 12:34:11.478832384
824,0.0,0,2023-06-23 21:08:08.347355904
825,0.0,0,2023-05-28 05:11:31.628558080
826,0.0,0,2023-03-10 20:25:47.376247040
827,0.0,0,2023-01-22 15:21:30.425199104
828,0.0,0,2023-10-18 11:24:32.879462656
829,0.0,0,2023-07-26 17:42:55.406145280
830,0.0,0,2023-10-23 00:16:10.088672512
831,0.0,0,2023-04-13 03:57:58.500027904
832,0.0,0,2023-12-09 08:26:13.397551616
833,0.0,0,2023-09-03 20:00:05.168155136
834,0.0,0,2023-04-27 03:31:49.262139648
835,0.0,0,2023-11-01 16:43:26.331412224
836,0.0,0,2023-02-23 15:03:14.816736512
837,0.0,0,2023-11-09 02:50:03.989374976
838,0.0,0,2023-02-21 10:40:33.567631616
839,0.0,0,2023-01-27 03:23:54.760418304
840,0.0,0,2023-01-18 10:16:57.044163584
841,0.0,0,2023-02-26 11:35:30.884603648
842,0.0,0,2023-08-13 00:03:34.588539392
843,0.0,0,2023-09-12 04:20:19.341391616
844,0.0,0,2023-07-06 17:20:04.479846912
845,0.0,0,2023-08-01 17:15:32.981649408
846,0.0,0,2023-09-16 02:59:38.962079744
847,0.0,0,2023-06-02 16:16:05.637335040
848,0.0,0,2023-02-24 13:21:15.661179904
849,0.0,0,2023-06-06 05:01:45.502166016
850,0.0,0,2023-12-28 13:02:54.212743936
851,0.0,0,2023-04-01 04:44:41.797137920
852,0.0,0,2023-06-20 21:49:15.878964224
853,0.0,0,2023-01-31 14:41:05.212772352
854,0.0,0,2023-09-09 08:21:31.092480256
855,0.0,0,2023-03-24 20:00:52.859753984
856,0.0,0,2023-07-20 15:38:11.960932864
857,0.0,0,2023-03-28 21:24:51.833713408
858,0.0,0,2023-07-26 21:12:44.290322432
859,0.0,0,2023-03-28 07:35:04.688176640
860,0.0,0,2023-01-05 00:12:13.719157504
861,0.0,0,2023-12-06 05:00:25.537003008
862,0.0,0,2023-08-08 11:01:19.512648192
863,0.0,0,2023-04-19 18:36:05.152701696
864,0.0,0,2023-01-01 09:16:18.563343616
865,0.0,0,2023-06-30 04:12:10.318575360
866,0.0,0,2023-04-30 17:07:37.362457088
867,0.0,0,2023-10-04 05:32:59.298587392
868,0.0,0,2023-11-14 10:49:21.729757952
869,0.0,0,2023-12-04 01:25:04.413813760
870,0.0,0,2023-06-28 14:52:01.921969664
871,0.0,0,2023-07-15 02:27:48.207996416
872,0.0,0,2023-02-02 09:08:36.742217984
873,0.0,0,2023-10-25 18:38:13.006929920
874,0.0,0,2023-03-16 03:51:43.095834880
875,0.0,0,2023-04-29 04:09:54.867230208
876,0.0,0,2023-05-14 08:42:56.996735744
877,0.0,0,2023-10-23 02:10:21.371362560
878,0.0,0,2023-06-21 16:14:08.683388416
879,0.0,0,2023-01-10 16:16:08.599767040
880,0.0,0,2023-10-16 03:19:37.914320896
881,0.0,0,2023-08-15 08:16:02.539393280
882,0.0,0,2023-10-18 10:35:33.935490304
883,0.0,0,2023-11-23 23:37:23.403556864
884,0.0,0,2023-08-03 13:14:03.067719424
885,0.0,0,2023-05-16 11:55:44.353849600
886,0.0,0,2023-12-19 14:56:43.837207552
887,0.0,0,2023-11-23 20:29:09.612335616
888,0.0,0,2023-05-20 13:10:06.767292160
889,0.0,0,2023-07-26 08:14:12.884493568
890,0.0,0,2023-04-16 17:12:16.469381376
891,0.0,0,2023-01-02 07:42:04.379279616
892,0.0,0,2023-04-03 17:29:25.629385216
893,0.0,0,2023-05-29 20:42:45.845245696
894,0.0,0,2023-02-09 13:47:53.836116480
895,0.0,0,2023-02-09 21:31:18.406100736
896,0.0,0,2023-11-08 01:45:43.924064768
897,0.0,0,2023-11-17 01:55:21.453146624
898,0.0,0,2023-07-01 00:23:11.317788416
899,0.0,0,2023-07-27 19:19:06.663342848
900,0.0,0,2023-07-02 05:20:19.669058048
901,0.0,0,2023-01-01 10:09:22.139187712
902,0.0,0,2023-10-20 22:29:06.202258688
903,0.0,0,2023-02-06 13:41:38.118681088
904,0.0,0,2023-09-12 13:45:37.215300608
905,0.0,0,2023-07-13 22:46:39.388541952
906,0.0,0,2023-08-06 19:17:52.788573696
907,0.0,0,2023-09-24 22:01:46.789532672
908,0.0,0,2023-10-17 21:46:04.397203200
909,0.0,0,2023-03-20 04:53:13.614690816
910,0.0,0,2023-11-09 08:06:18.218642176
911,0.0,0,2023-07-30 00:52:43.198544896
912,0.0,0,2023-02-18 23:25:10.855007232
913,0.0,0,2023-12-12 08:00:09.668422144
914,0.0,0,2023-09-06 14:22:40.897248512
915,0.0,0,2023-08-11 12:27:35.939980544
916,0.0,0,2023-02-08 05:11:39.342008320
917,0.0,0,2023-11-07 21:13:09.819334400
918,0.0,0,2023-01-21 07:09:30.111321600
919,0.0,0,2023-11-28 03:56:28.386297856
920,0.0,0,2023-10-07 16:26:25.159634944
921,0.0,0,2023-11-17 13:46:12.374802432
922,0.0,0,2023-11-05 03:19:12.998290944
923,0.0,0,2023-12-17 03:43:18.953564160
924,0.0,0,2023-01-28 15:47:43.220615424
925,0.0,0,2023-08-14 20:45:37.412054528
926,0.0,0,2023-12-27 16:45:15.559430400
927,0.0,0,2023-09-21 21:33:40.916345856
928,0.0,0,2023-03-18 23:20:27.672831744
929,0.0,0,2023-11-25 16:13:10.952037376
930,0.0,0,2023-01-19 13:14:00.892034816
931,0.0,0,2023-02-22 13:14:22.065737984
932,0.0,0,2023-09-01 10:03:13.408702208
933,0.0,0,2023-01-01 03:40:00.358679296
934,0.0,0,2023-12-09 22:51:41.588790784
935,0.0,0,2023-05-12 00:12:50.552738304
936,0.0,0,2023-06-09 13:54:45.083868928
937,0.0,0,2023-12-24 19:00:28.113028352
938,0.0,0,2023-09-23 23:54:45.424526592
939,0.0,0,2023-12-04 14:39:23.447784960
940,0.0,0,2023-01-31 07:49:07.193768704
941,0.0,0,2023-06-30 01:48:21.907020544
942,0.0,0,2023-07-01 01:36:53.267378432
943,0.0,0,2023-05-03 09:56:22.875317248
944,0.0,0,2023-08-12 18:29:31.781079552
945,0.0,0,2023-12-11 14:31:19.977610752
946,0.0,0,2023-11-07 19:54:17.952633088
947,0.0,0,2023-08-28 13:46:24.412471552
948,0.0,0,2023-04-21 00:03:32.500405248
949,0.0,0,2023-05-17 21:41:43.734630912
950,0.0,0,2023-09-24 19:23:53.872552704
951,0.0,0,2023-06-14 00:29:59.981185792
952,0.0,0,2023-04-22 04:25:55.719596544
953,0.0,0,2023-03-21 12:41:51.298619392
954,0.0,0,2023-08-14 16:18:41.289733120
955,0.0,0,2023-09-22 15:20:28.176908800
956,0.0,0,2023-04-04 14:25:49.159950336
957,0.0,0,2023-03-19 00:17:22.735826176
958,0.0,0,2023-08-27 06:17:22.004108032
959,0.0,0,2023-09-11 23:46:48.349551616
960,0.0,0,2023-08-07 11:02:57.891776000
961,0.0,0,2023-07-13 01:44:35.391837952
962,0.0,0,2023-05-28 21:12:56.468781312
963,0.0,0,2023-12-05 18:50:50.367977216
964,0.0,0,2023-08-09 02:50:36.092595968
965,0.0,0,2023-07-05 15:27:01.142752000
966,0.0,0,2023-03-26 12:17:20.633025024
967,0.0,0,2023-04-27 12:59:53.032836864
968,0.0,0,2023-11-04 07:50:34.892786688
969,0.0,0,2023-04-08 11:41:30.140442112
970,0.0,0,2023-02-06 08:14:24.575944704
971,0.0,0,2023-01-28 08:47:05.259739904
972,0.0,0,2023-11-21 05:55:10.204625920
973,0.0,0,2023-08-12 10:22:04.292875264
974,0.0,0,2023-10-04 12:32:04.686222080
975,0.0,0,2023-11-16 06:26:53.196494592
976,0.0,0,2023-07-26 03:18:59.850417152
977,0.0,0,2023-10-03 01:44:09.502921728
978,0.0,0,2023-05-20 14:04:15.759584512
979,0.0,0,2023-01-23 03:57:25.387196928
980,0.0,0,2023-12-27 05:45:52.074383104
981,0.0,0,2023-12-11 23:25:18.244749568
982,0.0,0,2023-11-27 11:21:25.478919424
983,0.0,0,2023-09-27 05:26:15.599332864
984,0.0,0,2023-12-18 23:26:11.113726464
985,0.0,0,2023-08-14 14:48:47.533167872
986,0.0,0,2023-06-19 20:01:49.857235200
987,0.0,0,2023-05-18 08:48:36.220379136
988,0.0,0,2023-11-08 20:01:03.336418304
989,0.0,0,2023-02-27 20:37:09.095526912
990,0.0,0,2023-03-07 00:13:10.061585664
991,0.0,0,2023-09-15 18:01:55.669609984
992,0.0,0,2023-08-01 04:17:36.976606720
993,0.0,0,2023-08-22 10:00:30.488087552
994,0.0,0,2023-04-25 06:02:07.151331328
995,0.0,0,2023-06-22 05:19:48.086047744
996,0.0,0,2023-02-14 23:41:01.469472256
997,0.0,0,2023-10-14 10:12:43.206393088
998,0.0,0,2023-09-15 14:09:45.902394112
999,0.0,0,2023-12-28 15:24:28.134538752
1000,0.0,0,2023-12-01 22:33:39.932017408
1001,300.487804878049,12320,2023-09-14 07:00:58.503523840
1002,300.487804878049,12320,2023-12-08 19:09:34.948851712
1003,302.048780487805,12384,2023-01-06 00:28:57.095631360
1004,302.048780487805,12384,2023-09-03 00:28:51.248290816
1005,279.636363636364,12304,2023-03-14 19:26:22.861217280
1006,286.511627906977,12320,2023-09-16 05:50:13.541663488
1007,0.0,0,2023-06-19 12:50:37.437805312
1008,300.878048780488,12336,2023-12-07 09:31:34.005864704
1009,280.363636363636,12336,2023-08-11 11:32:32.296542464
1010,301.268292682927,12352,2023-04-01 09:24:08.389447168
1011,300.878048780488,12336,2023-03-09 01:39:15.297468416
1012,377.702702702703,13975,2023-06-22 03:50:25.313010432
1013,302.048780487805,12384,2023-06-13 23:14:59.414533888
1014,300.487804878049,12320,2023-07-20 02:17:29.690841344
1015,286.883720930233,12336,2023-04-09 08:58:02.967768832
1016,377.135135135135,13954,2023-03-10 00:08:37.794538496
1017,300.878048780488,12336,2023-03-17 13:36:56.706307328
1018,303.219512195122,12432,2023-02-17 07:35:42.722745344
1019,301.268292682927,12352,2023-11-17 17:47:27.892455680
1020,0.0,0,2023-05-02 08:27:40.146533888
1021,300.878048780488,12336,2023-09-04 17:14:19.023039744
1022,302.829268292683,12416,2023-08-30 01:07:33.906623232
1023,376.702702702703,13938,2023-06-03 06:28:01.144700672
1024,377.702702702703,13975,2023-03-13 02:41:12.000054272
1025,301.658536585366,12368,2023-12-01 05:42:18.376306944
1026,302.439024390244,12400,2023-03-31 14:57:20.469451264
1027,218.375,6988,2023-05-08 07:35:56.359279360
1028,301.658536585366,12368,2023-12-23 18:33:35.407724288
1029,301.268292682927,12352,2023-05-31 13:31:10.438763264
1030,0.0,0,2023-03-27 13:51:59.005235712
1031,300.487804878049,12320,2023-04-16 08:22:07.775266560
1032,0.0,0,2023-02-14 05:25:28.394052864
1033,286.883720930233,12336,2023-03-30 20:50:04.407221504
1034,299.707317073171,12288,2023-04-23 08:40:02.296196096
1035,299.707317073171,12288,2023-04-17 21:04:36.055299840
1036,302.439024390244,12400,2023-11-30 05:54:04.912077568
1037,300.09756097561,12304,2023-11-13 08:36:14.505804288
1038,267.478260869565,12304,2023-07-23 01:41:31.079740672
1039,301.658536585366,12368,2023-09-05 13:53:43.663044352
1040,299.707317073171,12288,2023-08-27 10:16:37.948033280
1041,0.0,0,2023-10-02 16:50:11.326305792
1042,302.829268292683,12416,2023-04-26 13:45:56.501939200
1043,376.702702702703,13938,2023-02-16 16:08:14.233977856
1044,377.702702702703,13975,2023-03-27 22:14:49.389198080
1045,301.658536585366,12368,2023-11-18 22:31:29.206523648
1046,299.317073170732,12272,2023-09-22 22:51:57.041720064
1047,300.487804878049,12320,2023-08-03 14:58:56.498336512
1048,278.545454545455,12256,2023-06-13 09:05:57.381438976
1049,0.0,0,2023-09-29 18:56:58.220386304
1050,301.658536585366,12368,2023-07-09 09:46:20.225549312
1051,280.0,12320,2023-03-15 13:04:09.085166592
1052,301.268292682927,12352,2023-08-21 10:08:46.293707264
1053,300.487804878049,12320,2023-12-07 20:02:24.288580608
1054,0.0,0,2023-03-04 12:04:08.397571840
1055,280.727272727273,12352,2023-01-09 05:19:50.493305344
1056,281.818181818182,12400,2023-08-07 01:01:25.539756032
1057,376.405405405405,13927,2023-09-05 11:45:35.392719104
1058,0.0,0,2023-07-09 09:12:30.359694080
1059,301.658536585366,12368,2023-06-06 21:37:06.900415232
1060,300.487804878049,12320,2023-03-11 17:23:43.795964928
1061,281.818181818182,12400,2023-01-09 20:42:52.165191680
1062,300.878048780488,12336,2023-09-07 22:14:39.772302592
1063,300.878048780488,12336,2023-02-22 12:42:22.149260288
1064,300.878048780488,12336,2023-04-11 03:03:50.867703040
1065,359.282051282051,14012,2023-07-06 17:51:02.061251328
1066,300.487804878049,12320,2023-06-02 19:24:14.418428160
1067,300.878048780488,12336,2023-08-14 22:36:57.259918336
1068,300.878048780488,12336,2023-09-28 07:46:10.676919296
1069,288.0,12384,2023-03-30 20:27:48.039561728
1070,301.658536585366,12368,2023-08-02 23:04:24.325884160
1071,301.268292682927,12352,2023-09-09 00:29:56.124787456
1072,302.048780487805,12384,2023-07-12 02:38:13.499022336
1073,301.268292682927,12352,2023-12-01 12:09:47.668387328
1074,301.268292682927,12352,2023-08-03 17:54:43.228863232
1075,0.0,0,2023-01-09 04:35:44.933339392
1076,299.317073170732,12272,2023-02-25 09:51:25.936129536
1077,0.0,0,2023-01-13 17:06:33.436787456
1078,300.487804878049,12320,2023-07-15 04:09:18.301544704
1079,387.611111111111,13954,2023-05-30 07:33:37.716311296
1080,298.926829268293,12256,2023-10-15 05:12:57.618405632
1081,277.913043478261,12784,2023-03-05 02:53:20.600071936
1082,302.829268292683,12416,2023-09-19 09:53:44.604291840
1083,302.048780487805,12384,2023-10-30 08:01:57.227654656
1084,300.487804878049,12320,2023-12-02 01:07:57.738417408
1085,301.268292682927,12352,2023-09-23 07:58:49.330566912
1086,286.511627906977,12320,2023-02-16 23:44:28.893369600
1087,301.658536585366,12368,2023-04-28 21:20:31.472630016
1088,300.09756097561,12304,2023-02-19 23:42:55.780389120
1089,301.658536585366,12368,2023-01-11 17:35:22.429623040
1090,350.0,15400,2023-12-21 10:26:58.978169088
1091,0.0,0,2023-01-29 06:47:42.120296704
1092,299.707317073171,12288,2023-04-27 15:56:35.749236736
1093,0.0,0,2023-06-12 06:19:08.167179520
1094,286.139534883721,12304,2023-10-23 22:12:39.375262720
1095,387.611111111111,13954,2023-09-13 14:22:58.864207360
1096,0.0,0,2023-04-15 03:26:32.986864896
1097,303.609756097561,12448,2023-05-12 08:48:30.846870016
1098,299.317073170732,12272,2023-08-15 14:57:12.677054976
1099,301.268292682927,12352,2023-11-08 12:31:37.406731008
1100,387.166666666667,13938,2023-11-18 11:21:28.634580480
1101,0.0,0,2023-08-04 12:43:44.557115392
1102,0.0,0,2023-10-28 22:14:39.125215488
1103,0.0,0,2023-08-04 18:27:44.158612224
1104,0.0,0,2023-06-01 12:20:59.539085568
1105,0.0,0,2023-09-27 11:45:23.695154688
1106,0.0,0,2023-05-16 15:21:07.810593792
1107,0.0,0,2023-05-21 18:06:11.550842368
1108,0.0,0,2023-01-16 12:37:21.669850368
1109,0.0,0,2023-06-25 02:49:45.619930624
1110,0.0,0,2023-12-24 12:34:05.362510592
1111,0.0,0,2023-07-07 18:15:43.283299072
1112,0.0,0,2023-07-18 10:08:34.706798848
1113,0.0,0,2023-02-01 01:33:37.405761280
1114,0.0,0,2023-03-16 04:54:15.392340480
1115,0.0,0,2023-09-05 15:50:47.156510464
1116,0.0,0,2023-12-09 21:00:02.958727424
1117,0.0,0,2023-03-16 17:14:23.200496128
1118,0.0,0,2023-04-08 06:18:27.218238720
1119,0.0,0,2023-05-10 19:54:29.934466048
1120,0.0,0,2023-06-18 07:52:44.734270208
1121,0.0,0,2023-04-01 20:00:14.854987264
1122,0.0,0,2023-07-10 15:44:50.337022976
1123,0.0,0,2023-12-26 19:52:49.295909888
1124,0.0,0,2023-01-10 04:27:02.502618112
1125,0.0,0,2023-10-26 21:58:47.122616320
1126,0.0,0,2023-02-13 06:26:51.082341888
1127,0.0,0,2023-02-21 02:28:42.127964928
1128,0.0,0,2023-04-19 11:19:28.393596160
1129,0.0,0,2023-08-15 01:43:41.809689088
1130,0.0,0,2023-03-26 14:49:40.086668032
1131,0.0,0,2023-11-18 22:23:17.467757056
1132,0.0,0,2023-02-18 05:46:03.515556096
1133,0.0,0,2023-03-27 02:37:13.176376064
1134,0.0,0,2023-09-10 07:06:33.795560192
1135,0.0,0,2023-09-02 08:41:13.140093696
1136,0.0,0,2023-06-28 20:25:45.320773632
1137,0.0,0,2023-07-29 22:15:08.641649920
1138,0.0,0,2023-12-30 02:55:56.762976512
1139,0.0,0,2023-03-14 05:25:15.539352064
1140,0.0,0,2023-08-29 10:30:14.758064384
1141,0.0,0,2023-01-04 06:39:36.194399488
1142,0.0,0,2023-12-29 02:12:59.337584640
1143,0.0,0,2023-07-23 11:15:59.303846656
1144,0.0,0,2023-11-04 13:14:29.300891136
1145,0.0,0,2023-02-22 14:14:34.640816128
1146,0.0,0,2023-12-01 12:53:33.232870912
1147,0.0,0,2023-11-17 03:00:28.822205696
1148,0.0,0,2023-06-10 20:07:07.540691456
1149,0.0,0,2023-02-25 16:29:52.926359296
1150,0.0,0,2023-10-19 12:58:45.672108288
1151,0.0,0,2023-09-08 17:44:33.965283584
1152,0.0,0,2023-11-21 16:58:11.981830912
1153,0.0,0,2023-04-04 16:47:43.876653824
1154,0.0,0,2023-12-15 00:03:24.690538496
1155,0.0,0,2023-07-14 09:17:21.637363456
1156,0.0,0,2023-04-26 04:00:53.290565376
1157,0.0,0,2023-03-21 00:14:21.066231552
1158,0.0,0,2023-02-01 15:00:03.185549568
1159,0.0,0,2023-12-14 13:57:05.578811904
1160,0.0,0,2023-02-24 03:27:11.721670400
1161,0.0,0,2023-09-01 18:33:31.098182400
1162,0.0,0,2023-07-03 10:56:15.080646912
1163,0.0,0,2023-07-31 13:16:11.804194304
1164,0.0,0,2023-03-12 11:29:13.666802432
1165,0.0,0,2023-06-14 11:02:10.379772672
1166,0.0,0,2023-05-28 01:10:16.067417856
1167,0.0,0,2023-04-12 08:37:35.600610816
1168,0.0,0,2023-09-10 21:06:30.070760704
1169,0.0,0,2023-01-15 21:10:27.878467072
1170,0.0,0,2023-11-19 14:53:33.673703168
1171,0.0,0,2023-10-16 05:12:57.100672000
1172,0.0,0,2023-05-26 05:59:23.950163456
1173,0.0,0,2023-02-25 11:56:57.267083008
1174,0.0,0,2023-04-14 16:18:47.110217984
1175,0.0,0,2023-11-16 08:15:45.881018880
1176,0.0,0,2023-08-07 08:15:44.443412224
1177,0.0,0,2023-04-29 08:35:37.865586944
1178,0.0,0,2023-05-04 19:29:50.957209600
1179,0.0,0,2023-05-06 04:51:20.717847040
1180,0.0,0,2023-01-16 12:24:48.494271488
1181,0.0,0,2023-06-03 20:14:03.420572928
1182,0.0,0,2023-11-30 04:16:01.248811264
1183,0.0,0,2023-06-17 06:50:56.365520640
1184,0.0,0,2023-05-06 18:33:57.698918400
1185,0.0,0,2023-03-20 20:49:03.477064192
1186,0.0,0,2023-10-07 09:52:10.599959296
1187,0.0,0,2023-12-19 19:29:52.221856000
1188,0.0,0,2023-05-18 04:41:21.599952640
1189,0.0,0,2023-10-15 08:41:53.161614592
1190,0.0,0,2023-01-14 15:48:12.786219264
1191,0.0,0,2023-01-13 20:47:29.210133248
1192,0.0,0,2023-05-21 23:06:22.965357568
1193,0.0,0,2023-03-21 04:45:03.582456064
1194,0.0,0,2023-05-18 07:01:40.596078592
1195,0.0,0,2023-01-24 09:48:44.136911104
1196,0.0,0,2023-12-03 00:09:30.420535040
1197,0.0,0,2023-10-31 21:19:21.097117184
1198,0.0,0,2023-06-05 04:13:18.023772416
1199,0.0,0,2023-09-10 21:24:46.820418816
1200,0.0,0,2023-02-06 00:57:59.884346624
1201,29.0740740740741,785,2023-10-11 09:18:28.966002944
1202,62.3,623,2023-09-08 06:32:21.299791616
1203,57.0218579234973,10435,2023-08-21 03:29:45.911290112
1204,267.526315789474,5083,2023-07-29 20:15:36.790947328
1205,73.8461538461538,960,2023-06-20 18:32:37.465412096
1206,55.1891891891892,2042,2023-12-08 01:59:11.074327296
1207,56.5833333333333,679,2023-02-23 22:53:21.579205632
1208,0.0,0,2023-09-24 04:47:04.443678208
1209,56.5833333333333,3395,2023-01-11 22:24:48.697569536
1210,120.0,960,2023-03-21 21:10:35.634845952
1211,84.0625,1345,2023-06-28 09:07:34.543936256
1212,0.0,0,2023-08-27 18:56:31.297704704
1213,4.46022727272727,785,2023-01-16 10:20:16.565780480
1214,39.25,785,2023-08-01 19:18:43.508115968
1215,59.22,5922,2023-04-21 21:49:22.659297280
1216,0.0,0,2023-10-30 23:31:27.088133120
1217,56.5833333333333,679,2023-07-03 19:46:52.725030400
1218,59.22,5922,2023-08-06 02:23:07.326792192
1219,56.5833333333333,679,2023-06-21 01:15:26.533198848
1220,56.5833333333333,3395,2023-09-12 03:51:45.667309568
1221,52.2307692307692,679,2023-01-04 14:40:05.252388096
1222,120.0,960,2023-11-05 06:21:08.386802432
1223,60.5769230769231,3150,2023-06-15 18:14:45.254265088
1224,80.0,960,2023-03-22 01:49:53.024468736
1225,56.5833333333333,679,2023-03-11 02:57:29.500990208
1226,56.5833333333333,679,2023-04-06 14:02:06.086897920
1227,56.5833333333333,2716,2023-04-23 01:14:33.587436544
1228,120.0,960,2023-06-05 15:19:27.221313536
1229,120.0,960,2023-05-08 18:31:42.038475776
1230,56.5833333333333,1358,2023-11-30 04:17:12.465909248
1231,56.5833333333333,679,2023-06-09 23:42:04.625250304
1232,60.4285714285714,2961,2023-05-28 07:43:53.953668608
1233,56.5833333333333,679,2023-02-23 01:23:59.901719040
1234,0.0,0,2023-05-26 10:28:43.724400128
1235,79.6,796,2023-08-31 08:08:10.992963840
1236,2.16850828729282,785,2023-05-31 20:04:28.776780800
1237,0.0,0,2023-09-01 09:37:17.534810112
1238,60.5769230769231,3150,2023-12-04 18:10:03.257821440
1239,87.4666666666667,1312,2023-09-04 08:50:47.782132992
1240,0.0,0,2023-11-15 07:01:48.708295680
1241,120.0,960,2023-01-01 10:14:34.464761600
1242,15.6603773584906,830,2023-01-22 10:30:52.792744960
1243,57.0218579234973,10435,2023-08-13 12:44:28.647807744
1244,57.0218579234973,10435,2023-12-06 11:31:47.567546368
1245,231.272727272727,5088,2023-01-13 06:11:33.625152000
1246,0.0,0,2023-01-26 22:04:26.576508416
1247,0.0,0,2023-06-28 13:06:13.901891584
1248,120.0,960,2023-09-07 11:16:02.222682880
1249,62.5,625,2023-01-16 03:12:46.869721600
1250,0.168817204301075,785,2023-08-14 00:00:47.454242048
1251,0.0,0,2023-06-10 06:23:01.757822208
1252,3.55203619909502,785,2023-02-22 04:44:35.897810688
1253,59.0434782608696,1358,2023-07-03 21:41:13.924780288
1254,54.52,1363,2023-11-17 01:48:09.079411968
1255,56.5833333333333,679,2023-07-06 01:15:18.645872896
1256,0.037304566839329,785,2023-01-10 09:26:38.012590592
1257,120.0,960,2023-12-21 17:17:15.820402432
1258,120.0,960,2023-08-25 07:55:37.425332480
1259,120.0,960,2023-06-04 11:08:16.833451776
1260,55.1891891891892,2042,2023-08-04 16:27:16.197300736
1261,120.0,960,2023-04-04 07:15:03.849996544
1262,3.32627118644068,785,2023-04-29 13:59:52.249029376
1263,57.0218579234973,10435,2023-03-09 16:04:10.145107968
1264,79.6,796,2023-03-07 07:45:20.155841792
1265,0.0,0,2023-06-01 06:27:24.176826112
1266,17.0652173913043,785,2023-09-24 03:20:11.887683072
1267,59.828125,3829,2023-01-21 11:02:29.632710912
1268,79.6,796,2023-10-26 18:42:09.433580800
1269,60.4285714285714,2961,2023-09-29 04:04:25.693361152
1270,1.40681003584229,785,2023-08-29 08:28:34.217187072
1271,56.5833333333333,1358,2023-04-29 05:08:19.565565952
1272,56.5833333333333,2716,2023-05-12 06:15:41.638822144
1273,120.0,960,2023-08-30 12:02:33.918601728
1274,56.5833333333333,3395,2023-11-23 18:55:13.476058624
1275,1.11414634146341,4568,2023-01-24 01:37:56.570843392
1276,120.0,960,2023-03-02 10:04:21.945018368
1277,120.0,960,2023-03-11 13:24:40.652738304
1278,120.0,960,2023-09-21 15:55:08.308550656
1279,0.0,0,2023-12-02 02:35:41.003652864
1280,52.6153846153846,684,2023-03-26 10:33:19.179334912
1281,2.92820512820513,4568,2023-11-20 19:14:54.753431808
1282,56.5833333333333,679,2023-06-29 17:00:49.929160960
1283,56.5833333333333,4753,2023-08-17 18:20:12.245608704
1284,57.0218579234973,10435,2023-10-04 20:21:30.823774976
1285,56.5833333333333,1358,2023-11-03 07:26:23.579888896
1286,120.0,960,2023-11-05 20:58:02.918167040
1287,120.0,960,2023-07-02 15:05:41.561430272
1288,44.0,440,2023-10-25 16:34:14.696116992
1289,59.828125,3829,2023-12-07 20:45:00.083292928
1290,0.0,0,2023-08-26 17:39:20.756130304
1291,56.5833333333333,679,2023-09-20 10:36:22.092829952
1292,56.5833333333333,3395,2023-06-19 07:59:10.298019840
1293,63.65625,2037,2023-09-04 08:33:14.507931648
1294,54.52,1363,2023-12-03 01:02:37.602596352
1295,0.0,0,2023-04-29 08:48:47.834141696
1296,120.0,960,2023-11-22 01:26:09.775856896
1297,56.5833333333333,1358,2023-06-08 12:41:04.603744000
1298,120.0,960,2023-07-04 13:49:18.811963904
1299,120.0,960,2023-07-05 20:42:15.557687296
1300,44.0,440,2023-06-29 07:59:52.838278912
1301,656.974137931035,76209,2023-01-05 06:57:08.568210176
1302,50.0,650,2023-09-23 20:05:46.326400000
1303,0.0,0,2023-10-26 04:00:45.923145472
1304,275.0,6325,2023-11-27 01:45:48.426327296
1305,50.0,650,2023-03-11 19:07:02.672578816
1306,263.541666666667,6325,2023-12-26 02:57:18.978304256
1307,674.336206896552,78223,2023-01-15 16:30:47.274678528
1308,0.0,0,2023-06-27 18:25:23.008283904
1309,50.0,650,2023-10-15 15:33:56.508150272
1310,0.0,0,2023-06-29 21:32:23.074352384
1311,50.0,650,2023-12-12 04:37:17.916393728
1312,0.0,0,2023-07-27 18:35:16.407656448
1313,717.352380952381,75322,2023-03-01 00:03:13.458644992
1314,0.0,0,2023-11-27 19:15:45.744807680
1315,0.0,0,2023-08-19 21:52:23.483528704
1316,275.0,6325,2023-02-09 13:45:16.349835008
1317,0.0,0,2023-03-29 02:10:37.594512640
1318,0.0,0,2023-11-01 08:07:38.366627328
1319,287.5,6325,2023-05-25 20:43:34.407017216
1320,263.541666666667,6325,2023-08-28 08:24:33.111406592
1321,275.0,6325,2023-03-02 07:15:42.106834176
1322,50.0,650,2023-09-28 13:39:15.820705536
1323,0.0,0,2023-01-26 06:48:12.530110720
1324,0.0,0,2023-09-28 23:28:37.519291648
1325,50.0,650,2023-01-03 03:17:18.722524928
1326,231.818181818182,7650,2023-02-10 14:21:28.228771072
1327,731.8,76839,2023-12-26 08:01:19.923312896
1328,0.0,0,2023-07-12 09:54:39.817468672
1329,50.0,650,2023-12-15 13:57:19.282408960
1330,50.0,650,2023-10-25 04:12:51.143208192
1331,727.653846153846,75676,2023-11-16 09:04:57.699312896
1332,50.0,650,2023-11-24 15:09:57.006468096
1333,738.209523809524,77512,2023-01-01 00:51:04.070332160
1334,50.0,650,2023-08-14 07:38:23.798439168
1335,50.0,650,2023-03-21 00:27:53.715668992
1336,0.0,0,2023-11-30 01:40:19.802657024
1337,50.0,650,2023-06-03 01:36:09.594435840
1338,50.0,650,2023-02-06 07:49:44.905901824
1339,275.0,6325,2023-07-12 06:25:17.712444416
1340,0.0,0,2023-12-04 15:01:21.411468800
1341,50.0,650,2023-02-23 12:27:06.782071040
1342,0.0,0,2023-01-30 13:39:09.229162496
1343,0.0,0,2023-10-22 02:44:31.064913152
1344,50.0,650,2023-06-12 09:28:36.095190528
1345,50.0,650,2023-03-26 01:22:19.178544128
1346,50.0,650,2023-12-23 16:33:00.796413184
1347,275.0,6325,2023-09-11 12:04:20.330261760
1348,725.557692307692,75458,2023-08-12 08:28:05.295809024
1349,715.5,75843,2023-06-12 13:11:00.768172032
1350,0.0,0,2023-01-30 19:38:28.613999360
1351,0.0,0,2023-08-03 06:50:49.792277248
1352,275.0,6325,2023-09-09 19:43:43.127049984
1353,46.4285714285714,650,2023-04-20 01:28:19.609679872
1354,50.0,650,2023-06-30 07:04:56.451014144
1355,50.0,650,2023-09-08 12:01:29.971492608
1356,0.0,0,2023-11-13 13:01:33.056200192
1357,724.619047619048,76085,2023-09-15 00:17:14.876286720
1358,0.0,0,2023-07-26 10:01:34.162661120
1359,0.0,0,2023-07-13 12:47:38.932442368
1360,0.0,0,2023-06-12 23:34:18.819067136
1361,275.0,6325,2023-01-07 09:43:45.157253120
1362,54.1666666666667,650,2023-03-01 07:03:31.440892672
1363,275.0,6325,2023-08-05 10:06:36.955891712
1364,735.913461538462,76535,2023-01-02 08:31:20.668224000
1365,0.0,0,2023-03-24 06:52:38.512920832
1366,710.009433962264,75261,2023-05-28 05:04:19.504412160
1367,0.0,0,2023-12-23 01:02:48.383855616
1368,719.731481481482,77731,2023-10-14 16:09:56.722168320
1369,231.818181818182,7650,2023-01-08 19:10:57.475083520
1370,50.0,650,2023-12-26 19:35:47.323682816
1371,50.0,650,2023-09-27 22:43:32.006857728
1372,50.0,650,2023-01-07 20:45:58.083250176
1373,54.1666666666667,650,2023-08-14 11:20:04.811110912
1374,0.0,0,2023-07-25 18:01:00.328928256
1375,50.0,650,2023-06-09 11:07:17.949927936
1376,727.180952380952,76354,2023-04-30 18:32:29.167416576
1377,275.0,6325,2023-12-03 03:48:31.769406208
1378,50.0,650,2023-05-22 13:43:00.770286336
1379,0.0,0,2023-12-28 15:30:47.163264768
1380,725.819047619048,76211,2023-02-26 03:24:50.446295808
1381,275.0,6325,2023-08-18 18:44:18.093261056
1382,0.0,0,2023-10-26 09:35:06.072430080
1383,50.0,650,2023-04-05 23:18:18.590049536
1384,0.0,0,2023-06-12 18:21:34.133399296
1385,275.0,6325,2023-06-28 18:26:31.029803520
1386,0.0,0,2023-07-24 10:55:59.420129792
1387,50.0,650,2023-09-14 05:09:07.237749248
1388,0.0,0,2023-11-24 15:10:45.094198272
1389,0.0,0,2023-03-30 08:00:23.047416832
1390,50.0,650,2023-06-30 03:28:06.182279680
1391,725.807692307692,75484,2023-12-18 14:03:38.023048192
1392,50.0,650,2023-11-25 07:44:49.335582208
1393,0.0,0,2023-06-26 16:48:53.942607616
1394,50.0,650,2023-06-05 09:18:07.850514944
1395,46.4285714285714,650,2023-07-18 04:53:53.669551616
1396,726.894230769231,75597,2023-04-28 11:35:15.428326400
1397,50.0,650,2023-11-02 19:33:16.706859520
1398,275.0,6325,2023-11-03 18:56:02.313325824
1399,0.0,0,2023-05-19 04:27:26.164498176
1400,275.0,6325,2023-04-29 19:41:08.971237888
1401,139.703703703704,3772,2023-05-04 01:54:04.996321536
1402,102.733333333333,1541,2023-07-03 19:16:44.931756544
1403,225.954545454545,49710,2023-10-06 13:59:27.944416000
1404,102.8,1542,2023-06-27 17:44:26.415193600
1405,102.8,1542,2023-09-03 06:04:10.852947456
1406,139.703703703704,3772,2023-07-26 01:08:08.664428800
1407,102.733333333333,1541,2023-12-26 04:11:47.596916992
1408,96.5333333333333,1448,2023-04-26 06:07:26.768591360
1409,223.830357142857,50138,2023-02-05 17:14:27.687911168
1410,133.125,3195,2023-12-08 20:35:15.255665664
1411,80.4444444444444,1448,2023-09-06 15:09:40.078083840
1412,232.032710280374,49655,2023-03-16 01:34:13.642574848
1413,130.470588235294,2218,2023-02-09 21:02:01.315135232
1414,145.076923076923,3772,2023-01-21 00:39:50.917630720
1415,96.6,1449,2023-07-15 07:59:17.899789312
1416,145.115384615385,3773,2023-11-01 03:00:40.622146560
1417,224.990950226244,49723,2023-07-31 20:13:10.347323392
1418,102.733333333333,1541,2023-07-22 05:59:56.349094144
1419,102.733333333333,1541,2023-01-14 17:41:29.764566784
1420,145.076923076923,3772,2023-07-02 00:57:08.086702080
1421,102.733333333333,1541,2023-07-24 10:46:52.774408192
1422,76.3157894736842,1450,2023-10-03 07:46:59.929107712
1423,96.6,1449,2023-03-24 12:41:53.064693760
1424,96.6,1449,2023-08-21 13:19:44.517799936
1425,102.666666666667,1540,2023-10-11 04:44:25.241662208
1426,96.5333333333333,1448,2023-03-25 01:04:10.944431360
1427,102.933333333333,1544,2023-02-27 10:21:26.595753216
1428,140.5,3934,2023-01-24 06:45:37.768054272
1429,102.8,1542,2023-01-06 19:55:21.643219200
1430,96.5333333333333,1448,2023-12-15 00:02:52.775957760
1431,134.75,3773,2023-11-10 04:01:57.991239680
1432,127.72,3193,2023-09-16 23:29:49.578212864
1433,145.115384615385,3773,2023-05-01 16:24:14.789431040
1434,228.884792626728,49668,2023-03-04 16:03:01.397641472
1435,225.851351351351,50139,2023-10-07 07:33:48.901240320
1436,102.8,1542,2023-08-06 20:38:58.867970560
1437,224.316742081448,49574,2023-04-04 15:05:27.794131968
1438,221.417777777778,49819,2023-06-14 00:16:55.679295232
1439,145.115384615385,3773,2023-02-18 04:53:11.111775488
1440,145.038461538462,3771,2023-01-31 10:43:13.511440384
1441,145.076923076923,3772,2023-02-16 15:54:51.241760768
1442,76.2631578947368,1449,2023-09-08 17:08:33.784963584
1443,80.4444444444444,1448,2023-05-07 19:13:35.106125312
1444,127.68,3192,2023-07-04 23:56:23.761085952
1445,145.076923076923,3772,2023-04-14 07:59:49.312623616
1446,96.4666666666667,1447,2023-05-30 19:23:10.213167360
1447,96.6666666666667,1450,2023-02-12 00:45:59.471373056
1448,145.115384615385,3773,2023-09-27 07:03:57.667738368
1449,145.115384615385,3773,2023-04-12 09:22:56.234085120
1450,224.418918918919,49821,2023-06-01 19:38:24.963913472
1451,145.115384615385,3773,2023-09-11 08:06:41.026860800
1452,145.153846153846,3774,2023-09-15 02:15:00.806555136
1453,158.964285714286,4451,2023-08-19 11:26:08.174486784
1454,145.115384615385,3773,2023-04-16 22:39:51.799334144
1455,102.733333333333,1541,2023-06-06 20:19:23.452210176
1456,102.866666666667,1543,2023-01-03 13:54:41.508955136
1457,218.563318777293,50051,2023-01-26 03:03:13.908966656
1458,102.8,1542,2023-09-16 23:33:34.750621952
1459,145.038461538462,3771,2023-06-26 19:06:57.032220928
1460,102.733333333333,1541,2023-09-23 08:46:45.225661696
1461,145.192307692308,3775,2023-03-20 07:33:29.562498560
1462,102.8,1542,2023-03-02 02:39:59.571986432
1463,230.748837209302,49611,2023-06-18 12:57:30.200355328
1464,102.933333333333,1544,2023-07-19 16:56:23.946294272
1465,145.153846153846,3774,2023-08-09 22:21:18.367971072
1466,96.6,1449,2023-09-13 19:40:05.142144256
1467,220.442477876106,49820,2023-03-24 19:17:48.119443456
1468,106.466666666667,3194,2023-11-24 05:31:39.054787328
1469,225.009049773756,49727,2023-08-20 08:46:51.099546112
1470,102.8,1542,2023-11-20 07:54:24.236494848
1471,224.40990990991,49819,2023-04-09 16:16:45.088072192
1472,96.7333333333333,1451,2023-06-19 04:38:46.149088256
1473,232.915492957746,49611,2023-03-29 09:14:11.299766784
1474,96.6,1449,2023-12-21 14:09:02.311942144
1475,102.866666666667,1543,2023-04-22 20:45:06.706291200
1476,102.866666666667,1543,2023-12-30 21:41:05.133586176
1477,102.733333333333,1541,2023-05-29 23:22:52.096851456
1478,223.461883408072,49832,2023-04-18 03:14:55.646899712
1479,80.6111111111111,1451,2023-07-26 19:40:27.112813824
1480,223.156950672646,49764,2023-12-04 03:05:21.814118656
1481,96.5333333333333,1448,2023-09-13 00:06:58.498842880
1482,96.4666666666667,1447,2023-11-10 07:09:01.382850304
1483,145.115384615385,3773,2023-03-25 05:11:03.934380032
1484,228.808219178082,50109,2023-12-29 15:05:22.147309824
1485,102.8,1542,2023-07-04 13:57:40.670027008
1486,96.7333333333333,1451,2023-06-05 01:19:46.345271552
1487,90.625,1450,2023-06-06 22:43:57.127250944
1488,219.236842105263,49986,2023-01-11 03:31:40.683009792
1489,218.039301310044,49931,2023-06-11 18:55:39.132575232
1490,230.06880733945,50155,2023-12-16 19:52:40.990659328
1491,96.6666666666667,1450,2023-12-18 13:48:06.097859584
1492,102.733333333333,1541,2023-08-01 19:18:21.361837568
1493,96.7333333333333,1451,2023-01-15 12:35:49.659129856
1494,102.933333333333,1544,2023-05-24 18:32:42.733032448
1495,102.8,1542,2023-04-10 09:12:18.414889216
1496,145.192307692308,3775,2023-07-30 23:31:58.709767424
1497,224.468468468468,49832,2023-03-31 12:10:43.871676160
1498,96.6,1449,2023-09-26 12:32:26.440271104
1499,102.733333333333,1541,2023-11-27 08:24:10.644589312
1500,227.164383561644,49749,2023-06-09 12:08:10.101681408
1501,0.0,0,2023-08-04 20:09:04.156761344
1502,0.0,0,2023-01-03 13:57:54.220726784
1503,0.0,0,2023-05-23 00:18:57.290792192
1504,0.0,0,2023-02-22 16:16:14.243811328
1505,0.0,0,2023-02-02 02:45:14.046441472
1506,0.0,0,2023-01-30 08:34:47.502914816
1507,0.0,0,2023-03-13 22:16:43.359466240
1508,0.0,0,2023-03-26 02:41:37.445125632
1509,0.0,0,2023-02-22 07:20:49.976971264
1510,0.0,0,2023-08-17 20:49:34.187508736
1511,0.0,0,2023-06-25 12:36:49.245358592
1512,0.0,0,2023-12-03 10:36:57.370538240
1513,0.0,0,2023-03-30 02:49:51.011897344
1514,0.0,0,2023-11-19 04:24:50.946413056
1515,0.0,0,2023-01-13 16:21:04.539915520
1516,0.0,0,2023-09-10 21:42:15.314417408
1517,0.0,0,2023-05-29 22:53:02.192943104
1518,0.0,0,2023-07-12 13:20:33.610482432
1519,0.0,0,2023-08-20 13:18:35.650599680
1520,0.0,0,2023-08-20 10:58:13.273072896
1521,0.0,0,2023-09-29 02:24:37.702445056
1522,0.0,0,2023-05-12 21:38:08.194187520
1523,0.0,0,2023-10-20 15:11:29.097244160
1524,0.0,0,2023-06-02 02:19:08.445289728
1525,0.0,0,2023-11-10 01:59:09.671217408
1526,0.0,0,2023-12-09 15:40:48.135563520
1527,0.0,0,2023-03-26 20:18:22.371088384
1528,0.0,0,2023-12-27 05:26:59.133768192
1529,0.0,0,2023-02-28 15:33:45.688626944
1530,0.0,0,2023-09-27 14:38:09.712145408
1531,0.0,0,2023-11-24 13:00:23.236219904
1532,0.0,0,2023-10-24 04:08:15.751427840
1533,0.0,0,2023-05-07 21:06:24.077866240
1534,0.0,0,2023-06-19 06:02:51.283874048
1535,0.0,0,2023-01-29 23:37:49.524359168
1536,0.0,0,2023-06-16 05:34:00.087276800
1537,0.0,0,2023-07-19 20:47:36.916245248
1538,0.0,0,2023-02-08 20:39:50.702933504
1539,0.0,0,2023-08-17 23:59:08.992054784
1540,0.0,0,2023-07-27 07:22:11.288954880
1541,0.0,0,2023-09-15 15:39:19.828641024
1542,0.0,0,2023-11-05 04:45:32.445456896
1543,0.0,0,2023-04-26 13:31:29.456580352
1544,0.0,0,2023-02-01 19:47:49.288123904
1545,0.0,0,2023-07-20 13:58:22.838329856
1546,0.0,0,2023-10-14 13:17:08.959797760
1547,0.0,0,2023-02-23 00:57:51.397838592
1548,0.0,0,2023-08-20 08:45:32.042267136
1549,0.0,0,2023-03-25 15:55:12.820914688
1550,0.0,0,2023-10-05 04:33:20.308251136
1551,0.0,0,2023-11-20 18:51:46.728112128
1552,0.0,0,2023-08-08 22:26:27.954732288
1553,0.0,0,2023-01-08 18:19:04.176527616
1554,0.0,0,2023-04-02 12:13:25.050470144
1555,0.0,0,2023-10-10 23:37:13.385071616
1556,0.0,0,2023-12-29 16:28:42.307687168
1557,0.0,0,2023-09-15 07:57:45.833427712
1558,0.0,0,2023-05-29 06:04:34.620904704
1559,0.0,0,2023-04-01 03:32:57.226915840
1560,0.0,0,2023-03-20 07:30:00.516820480
1561,0.0,0,2023-10-15 11:10:13.359850240
1562,0.0,0,2023-12-22 14:28:45.224837632
1563,0.0,0,2023-12-15 09:16:11.236641024
1564,0.0,0,2023-05-14 14:04:36.459463680
1565,0.0,0,2023-10-12 19:49:04.299639808
1566,0.0,0,2023-05-09 04:59:42.024999680
1567,0.0,0,2023-07-22 10:12:22.923934720
1568,0.0,0,2023-08-23 17:58:18.544422656
1569,0.0,0,2023-03-27 14:52:29.295504896
1570,0.0,0,2023-03-19 07:18:02.686433280
1571,0.0,0,2023-04-22 21:04:21.535098112
1572,0.0,0,2023-05-21 03:33:28.715569664
1573,0.0,0,2023-05-13 05:53:19.302724608
1574,0.0,0,2023-11-16 17:22:19.727887872
1575,0.0,0,2023-12-26 07:55:39.521244416
1576,0.0,0,2023-04-26 05:03:10.407129600
1577,0.0,0,2023-10-01 12:07:20.123479552
1578,0.0,0,2023-07-26 10:17:05.553682688
1579,0.0,0,2023-03-12 07:10:55.850491648
1580,0.0,0,2023-11-23 05:58:14.665218560
1581,0.0,0,2023-07-10 05:47:35.327066624
1582,0.0,0,2023-03-13 06:30:20.502180352
1583,0.0,0,2023-01-04 02:28:39.205362688
1584,0.0,0,2023-11-30 10:02:59.547258368
1585,0.0,0,2023-07-09 02:00:56.924498688
1586,0.0,0,2023-02-27 18:50:10.963969792
1587,0.0,0,2023-07-08 16:44:25.548574464
1588,0.0,0,2023-08-11 06:13:35.805510144
1589,0.0,0,2023-09-10 07:11:21.157626624
1590,0.0,0,2023-11-09 17:41:15.104758528
1591,0.0,0,2023-02-18 06:10:55.851794432
1592,0.0,0,2023-06-13 09:23:15.831330048
1593,0.0,0,2023-10-23 12:35:13.567844096
1594,0.0,0,2023-11-10 13:44:09.078343424
1595,0.0,0,2023-01-21 16:42:50.181061888
1596,0.0,0,2023-07-24 05:56:01.336755456
1597,0.0,0,2023-08-01 12:58:04.759676928
1598,0.0,0,2023-11-16 03:46:24.405413120
1599,0.0,0,2023-08-03 23:39:11.019348224
1600,0.0,0,2023-12-29 08:50:14.074417152
1601,308.692307692308,8026,2023-05-16 12:50:12.442501120
1602,284.32,7108,2023-11-15 17:59:05.346812160
1603,311.538461538462,8100,2023-10-08 17:12:27.027433728
1604,337.766666666667,10133,2023-02-10 02:44:03.241736448
1605,310.0,7750,2023-05-25 03:55:07.754534912
1606,325.25,7806,2023-04-05 07:48:48.079604224
1607,324.333333333333,7784,2023-04-03 02:10:36.541647872
1608,278.04,6951,2023-06-09 18:14:23.905231872
1609,568.113636363636,24997,2023-05-04 14:40:52.308622848
1610,326.666666666667,7840,2023-07-05 15:41:19.701146624
1611,309.884615384615,8057,2023-07-10 20:47:23.846769152
1612,280.56,7014,2023-12-21 05:48:19.501651968
1613,321.470588235294,10930,2023-07-03 06:22:04.879322880
1614,311.076923076923,8088,2023-07-25 16:58:30.128903680
1615,310.48,7762,2023-06-10 09:27:07.672708864
1616,562.75,24761,2023-01-24 14:41:04.798416384
1617,309.48,7737,2023-04-16 08:37:59.377909760
1618,309.84,7746,2023-08-12 23:29:18.452389888
1619,564.0,24816,2023-01-28 14:42:30.069444352
1620,299.72,7493,2023-10-03 01:37:37.845393664
1621,555.5,25553,2023-07-24 13:10:17.492171264
1622,311.08,7777,2023-08-11 07:51:06.721251328
1623,292.25,7014,2023-02-14 15:11:22.088520704
1624,307.8,7695,2023-09-02 15:39:25.453117696
1625,280.56,7014,2023-08-14 17:29:00.104058112
1626,307.8,7695,2023-01-07 18:27:21.898137856
1627,310.04,7751,2023-01-06 12:22:50.548959744
1628,317.0,7608,2023-01-04 07:13:19.913373184
1629,341.21875,10919,2023-11-07 22:41:41.865662720
1630,310.28,7757,2023-04-19 19:33:32.459209984
1631,342.3125,10954,2023-12-24 21:31:26.487301888
1632,291.92,7298,2023-10-11 00:05:22.937544960
1633,310.576923076923,8075,2023-07-14 20:39:47.075406080
1634,281.56,7039,2023-12-26 10:29:36.498881024
1635,276.68,6917,2023-02-13 09:44:05.916848896
1636,309.32,7733,2023-11-21 11:15:14.141555968
1637,308.92,7723,2023-07-17 01:40:58.816723712
1638,543.804347826087,25015,2023-12-17 08:05:15.502399744
1639,304.96,7624,2023-01-13 22:26:15.323805952
1640,331.90625,10621,2023-02-27 22:21:56.356358144
1641,314.25,7542,2023-03-24 17:23:10.847223296
1642,322.333333333333,7736,2023-06-12 21:20:27.734511104
1643,278.44,6961,2023-07-12 17:52:48.316881664
1644,309.84,7746,2023-02-21 08:54:19.115340800
1645,292.2,7305,2023-07-06 17:21:30.011883520
1646,338.78125,10841,2023-04-28 03:29:15.996283136
1647,311.52,7788,2023-09-13 16:55:44.396978688
1648,311.04,7776,2023-12-03 22:21:44.825782784
1649,308.0,8008,2023-11-11 15:21:05.936039424
1650,310.0,7750,2023-04-10 04:08:07.658327296
1651,304.782608695652,7010,2023-07-04 19:47:43.864122624
1652,339.758620689655,9853,2023-07-06 05:00:31.867165440
1653,324.666666666667,7792,2023-08-02 03:54:43.430860544
1654,312.52,7813,2023-07-20 20:42:11.155972352
1655,562.886363636364,24767,2023-12-10 08:10:35.946770688
1656,308.72,7718,2023-05-08 09:34:25.783721984
1657,275.92,6898,2023-04-28 19:16:23.594925568
1658,341.96875,10943,2023-12-06 21:07:31.125702400
1659,319.458333333333,7667,2023-05-31 05:17:28.567902720
1660,310.8,7770,2023-12-13 01:50:14.983963648
1661,340.78125,10905,2023-12-28 10:54:32.030215936
1662,325.291666666667,7807,2023-02-22 07:13:20.768416512
1663,321.666666666667,7720,2023-08-11 04:19:57.634428672
1664,354.322580645161,10984,2023-05-27 13:58:41.152303104
1665,312.84,7821,2023-10-05 05:08:09.204443904
1666,340.65625,10901,2023-11-08 10:13:38.972394240
1667,309.48,7737,2023-07-04 23:52:16.066164480
1668,310.88,7772,2023-08-25 09:53:21.560498176
1669,324.0,7776,2023-01-01 22:48:42.938857984
1670,288.166666666667,6916,2023-01-08 04:54:39.404715008
1671,307.36,7684,2023-09-28 20:12:38.058256640
1672,311.68,7792,2023-04-16 16:17:23.799142144
1673,279.84,6996,2023-10-31 15:02:37.637737216
1674,311.96,7799,2023-07-22 06:04:31.582728192
1675,275.88,6897,2023-01-14 02:15:00.059635200
1676,278.24,6956,2023-03-15 21:02:33.263515648
1677,313.6,7840,2023-06-09 06:09:01.321232896
1678,290.375,6969,2023-09-01 02:58:04.035569152
1679,306.04,7651,2023-06-12 09:41:10.785757440
1680,312.56,7814,2023-01-12 21:18:41.042736896
1681,340.9375,10910,2023-12-13 20:24:19.376420096
1682,302.08,7552,2023-06-04 22:13:37.130466816
1683,300.4,7510,2023-11-17 04:00:57.051651584
1684,294.32,7358,2023-02-21 02:13:54.162941440
1685,307.0,7675,2023-04-26 06:27:49.208360192
1686,300.76,7519,2023-06-28 06:55:54.166324992
1687,307.041666666667,7369,2023-03-28 22:19:00.483508992
1688,306.833333333333,7364,2023-07-31 11:30:37.235552768
1689,563.795454545455,24807,2023-05-21 06:28:39.502838528
1690,281.04,7026,2023-01-17 15:33:12.308052992
1691,279.44,6986,2023-07-01 15:53:20.780805632
1692,277.64,6941,2023-05-05 02:15:59.946981120
1693,310.52,7763,2023-03-15 09:58:02.758032896
1694,314.24,7856,2023-10-03 13:53:32.618934272
1695,294.88,7372,2023-10-16 18:24:56.186448896
1696,306.92,7673,2023-12-16 14:38:14.714817536
1697,309.88,7747,2023-12-03 22:23:11.724893696
1698,313.28,7832,2023-09-20 15:40:48.391561984
1699,333.133333333333,9994,2023-02-28 23:39:52.053235200
1700,308.92,7723,2023-07-11 06:55:37.107011584
1701,41.0,246,2023-09-23 00:18:52.788785408
1702,41.0,246,2023-05-31 20:33:07.498326784
1703,227.705882352941,3871,2023-06-02 13:40:19.572695808
1704,634.4,6344,2023-10-22 07:34:39.419375616
1705,41.0,246,2023-08-23 13:40:13.979266560
1706,98.4583333333333,2363,2023-03-28 22:53:14.836339456
1707,41.0,246,2023-03-23 14:43:26.042250752
1708,41.0,246,2023-06-13 18:21:07.439168512
1709,291.933333333333,8758,2023-09-10 20:28:43.440626688
1710,876.024864296971,5002978,2023-01-22 20:50:47.143577856
1711,519.346534653465,52454,2023-03-25 04:14:18.517147136
1712,307.15,12286,2023-03-30 05:30:28.973148928
1713,41.0,246,2023-09-03 06:01:54.941566464
1714,41.0,246,2023-11-03 01:01:15.628124160
1715,41.0,246,2023-08-03 21:48:01.084790528
1716,227.705882352941,3871,2023-03-14 10:34:27.586689024
1717,352.663461538462,36677,2023-03-23 04:15:10.338559232
1718,241.9375,3871,2023-08-30 05:02:58.304429568
1719,41.0,246,2023-04-26 04:45:51.788209408
1720,238.344827586207,6912,2023-10-12 01:18:41.220140288
1721,41.0,246,2023-12-23 09:42:43.081513472
1722,41.0,246,2023-02-26 04:57:00.866804992
1723,488.0,6344,2023-03-12 08:27:01.804429568
1724,255.434108527132,32951,2023-07-18 16:40:41.975500288
1725,227.705882352941,3871,2023-11-23 20:45:51.946672384
1726,41.0,246,2023-12-05 17:26:04.028103424
1727,206.65,4133,2023-02-07 13:59:00.833510144
1728,41.0,246,2023-10-19 08:49:39.012290816
1729,41.0,246,2023-05-21 04:26:48.700551680
1730,430.382978723404,20228,2023-10-11 14:07:06.260411904
1731,41.0,246,2023-07-28 17:07:39.539155968
1732,241.9375,3871,2023-02-12 15:08:41.489013760
1733,595.084444444444,133894,2023-09-24 06:20:03.615292672
1734,41.0,246,2023-06-25 06:32:51.416509696
1735,41.0,246,2023-05-10 22:10:51.259315968
1736,241.9375,3871,2023-01-27 12:50:18.299934976
1737,488.787878787879,32260,2023-06-07 23:49:47.606579968
1738,41.0,246,2023-12-26 22:30:07.340363008
1739,744.155080213904,139157,2023-11-19 20:56:55.707643136
1740,229.903225806452,7127,2023-01-30 10:43:07.586419968
1741,129.333333333333,2328,2023-09-13 05:09:33.022997248
1742,643.909836065574,78557,2023-03-14 23:24:07.805377536
1743,360.16384180791,63749,2023-01-05 16:09:17.293694208
1744,241.9375,3871,2023-11-19 10:43:04.103939328
1745,41.0,246,2023-12-25 11:37:56.599851008
1746,420.186046511628,18068,2023-03-08 23:45:11.130796544
1747,41.0,246,2023-01-27 04:59:51.556720128
1748,0.0,0,2023-09-27 20:27:35.234801664
1749,822.572727272727,1266762,2023-10-23 01:36:10.528273920
1750,419.416666666667,20132,2023-05-15 11:03:37.362737664
1751,228.68,5717,2023-11-29 06:41:19.062435328
1752,41.0,246,2023-01-29 07:02:03.012313088
1753,0.0,0,2023-09-14 17:18:06.314945536
1754,272.190909090909,29941,2023-03-30 23:36:59.474136832
1755,41.0,246,2023-06-24 10:04:40.849779456
1756,41.0,246,2023-08-06 10:13:18.893622784
1757,41.0,246,2023-04-24 21:51:48.386870528
1758,429.666666666667,10312,2023-09-26 11:49:41.237767936
1759,373.231884057971,25753,2023-10-31 03:16:14.562814976
1760,354.736972704715,142959,2023-02-28 10:07:03.276660992
1761,41.0,246,2023-03-21 13:51:13.263180800
1762,329.900552486188,59712,2023-09-12 08:00:54.792326656
1763,41.0,246,2023-07-21 04:52:59.411423744
1764,427.791666666667,10267,2023-04-21 15:29:24.039582208
1765,191.6875,6134,2023-11-11 02:01:12.949199360
1766,41.0,246,2023-12-11 20:04:29.857709568
1767,475.321428571429,26618,2023-05-19 16:08:48.243536128
1768,634.4,6344,2023-07-19 18:25:24.191437824
1769,41.0,246,2023-11-06 13:47:03.597673216
1770,267.114285714286,9349,2023-11-08 09:22:55.209827072
1771,41.0,246,2023-07-09 09:31:17.940545280
1772,15.5,31,2023-08-31 18:59:09.108481792
1773,41.0,246,2023-02-19 22:11:18.758604544
1774,874.543305243446,3736049,2023-02-14 12:04:39.521625344
1775,449.875,39589,2023-03-02 21:37:28.325634048
1776,488.0,6344,2023-01-16 02:05:28.898652672
1777,883.958810491319,4785753,2023-03-22 23:25:39.816284160
1778,523.219178082192,38195,2023-09-23 14:11:46.107553536
1779,41.0,246,2023-04-21 22:19:26.478350848
1780,521.538461538462,47460,2023-05-07 07:54:51.066937856
1781,41.0,246,2023-03-19 11:47:25.562557952
1782,860.359537110934,2156061,2023-11-30 10:36:38.515239424
1783,694.231343283582,93027,2023-12-06 04:32:51.529089024
1784,129.0,2967,2023-04-30 19:40:41.668701952
1785,119.96,2999,2023-04-30 09:02:47.983974912
1786,166.267857142857,18622,2023-01-21 11:11:58.128298752
1787,845.195689655172,980427,2023-06-18 21:01:47.405188352
1788,225.925925925926,6100,2023-03-15 23:50:06.432682496
1789,910.075510204082,1337811,2023-05-12 09:50:15.167287808
1790,41.0,246,2023-07-13 11:18:51.262176768
1791,41.0,246,2023-09-19 01:16:57.711984384
1792,241.9375,3871,2023-11-27 16:33:04.486846208
1793,41.0,246,2023-07-07 12:26:54.897129984
1794,129.0,2967,2023-12-15 21:55:28.424965888
1795,427.326923076923,22221,2023-03-10 20:05:07.613101824
1796,306.977272727273,13507,2023-04-12 20:06:14.981981952
1797,41.0,246,2023-09-08 20:56:51.345105920
1798,304.58064516129,9442,2023-10-09 22:25:33.960022528
1799,41.0,246,2023-06-12 18:32:40.841065728
1800,41.0,246,2023-10-20 18:28:12.596003328
1801,266.479166666667,12791,2023-07-04 18:56:06.548930560
1802,327.428571428571,6876,2023-07-05 14:34:31.946229248
1803,171.196721311475,10443,2023-03-06 07:24:02.343959296
1804,293.775,11751,2023-10-16 15:06:34.820057600
1805,316.225806451613,9803,2023-05-24 00:39:07.474832896
1806,107.9375,1727,2023-11-12 01:13:06.081011200
1807,272.357142857143,7626,2023-12-18 08:55:30.433463040
1808,360.539682539683,45428,2023-06-30 15:16:58.478891264
1809,28.7647058823529,489,2023-05-09 20:48:01.613450496
1810,833.864818024263,481140,2023-12-15 23:52:33.199772416
1811,666.136752136752,77938,2023-04-28 09:54:12.358684928
1812,383.113636363636,16857,2023-07-30 13:00:12.998689280
1813,249.68,6242,2023-06-15 18:38:24.142969856
1814,227.333333333333,5456,2023-12-17 14:46:37.105260288
1815,926.545454545455,499408,2023-07-20 20:23:20.759272192
1816,156.304347826087,3595,2023-11-11 21:05:35.283255552
1817,163.666666666667,3928,2023-06-03 02:18:01.326078976
1818,888.864739884393,3844340,2023-07-20 07:26:47.404220416
1819,221.16,5529,2023-06-15 22:57:36.371214336
1820,394.574074074074,21307,2023-06-15 00:06:25.397799168
1821,335.105263157895,6367,2023-03-11 00:13:29.355038976
1822,214.307692307692,5572,2023-10-07 06:08:16.726397696
1823,280.478260869565,6451,2023-10-05 13:06:31.638071040
1824,858.787595581988,1010793,2023-04-26 15:52:59.617841920
1825,391.347826086957,9001,2023-10-30 05:00:16.623259904
1826,293.0,3809,2023-01-19 10:59:16.630167808
1827,85.8095238095238,1802,2023-11-04 00:13:39.643446528
1828,585.969696969697,77348,2023-03-03 08:08:33.679962880
1829,7.66666666666667,23,2023-04-17 07:54:26.897943808
1830,664.792792792793,73792,2023-01-15 06:27:28.247357952
1831,234.913043478261,5403,2023-12-01 13:43:07.161728512
1832,225.36,5634,2023-07-25 16:33:09.642822400
1833,309.209302325581,13296,2023-10-17 12:24:21.106126592
1834,193.96875,6207,2023-05-13 23:53:38.618465536
1835,235.684210526316,4478,2023-12-17 12:02:47.977307136
1836,330.923076923077,8604,2023-09-20 15:05:10.637357568
1837,275.620689655172,7993,2023-04-02 12:01:05.771344128
1838,30.8,462,2023-02-20 10:24:50.185333760
1839,688.845323741007,191499,2023-09-13 00:47:46.722886400
1840,232.608695652174,5350,2023-09-24 00:36:35.791720960
1841,284.05,5681,2023-06-11 14:04:23.811308800
1842,304.625,7311,2023-07-10 07:34:06.281593856
1843,554.292452830189,58755,2023-12-11 08:28:59.657772288
1844,143.681818181818,3161,2023-08-26 04:17:06.733758720
1845,319.461538461538,4153,2023-06-21 18:07:15.700116480
1846,244.185185185185,6593,2023-08-06 23:12:38.930647296
1847,259.730769230769,6753,2023-03-16 16:29:42.338340096
1848,229.72,5743,2023-11-27 22:57:52.722059776
1849,242.586206896552,7035,2023-10-21 01:28:50.552880384
1850,75.3978494623656,7012,2023-04-08 22:20:45.908774656
1851,203.972972972973,7547,2023-07-01 12:09:56.605741824
1852,1053.49405503883,21973779,2023-10-10 13:36:28.090186240
1853,359.423728813559,21206,2023-01-26 08:19:43.003732224
1854,376.029411764706,12785,2023-01-28 08:37:53.558036992
1855,738.434782608696,203808,2023-01-10 07:14:50.020530944
1856,288.791666666667,6931,2023-07-23 19:45:01.267183616
1857,179.428571428571,10048,2023-09-18 05:07:51.957276928
1858,394.448275862069,11439,2023-08-02 10:17:08.117377024
1859,340.72,8518,2023-05-15 05:12:24.065914368
1860,279.510204081633,13696,2023-09-30 05:51:17.829118976
1861,376.582417582418,34269,2023-11-12 11:19:29.254187008
1862,189.785714285714,5314,2023-01-23 17:37:49.501597184
1863,367.25,14690,2023-02-18 15:56:33.764743936
1864,229.958333333333,5519,2023-05-06 18:36:40.495900160
1865,328.045454545455,7217,2023-06-09 19:36:22.150596608
1866,779.404761904762,65470,2023-05-23 22:59:53.161013504
1867,226.28,5657,2023-05-26 03:17:39.119885568
1868,289.368421052632,5498,2023-07-11 09:08:44.330917888
1869,196.615384615385,5112,2023-03-10 15:02:28.748790784
1870,146.782608695652,3376,2023-03-05 15:48:44.073575424
1871,276.5,8848,2023-02-18 11:59:41.147985920
1872,246.882352941176,8394,2023-06-20 20:43:27.730807808
1873,288.818181818182,6354,2023-06-08 07:40:01.478967296
1874,15.5,31,2023-05-05 19:48:01.767726336
1875,252.090909090909,5546,2023-06-24 22:13:11.249603072
1876,7.66666666666667,23,2023-09-10 00:07:34.549400064
1877,269.789473684211,5126,2023-10-10 10:26:12.150542848
1878,229.2,5730,2023-08-23 08:40:44.328920064
1879,222.84,5571,2023-10-23 06:46:27.485581056
1880,271.130434782609,12472,2023-12-23 09:32:36.729637120
1881,236.826086956522,5447,2023-02-21 23:11:48.114872576
1882,156.55737704918,38200,2023-01-01 22:57:55.665671168
1883,122.518518518519,3308,2023-03-30 23:01:27.619121408
1884,232.037037037037,6265,2023-11-28 16:13:46.646808832
1885,152.657142857143,16029,2023-10-01 02:19:35.658735360
1886,166.333333333333,3493,2023-11-14 13:49:47.666351104
1887,331.365853658537,13586,2023-10-25 07:07:15.973771008
1888,230.181818181818,7596,2023-10-30 11:39:31.322995456
1889,666.392857142857,74636,2023-07-13 03:45:05.304107776
1890,355.6,8890,2023-11-13 21:53:42.808773120
1891,551.223880597015,36932,2023-04-22 11:26:54.020954368
1892,1091.70566062296,201287598,2023-08-29 19:02:48.431203072
1893,198.214953271028,42418,2023-02-12 11:13:48.290955008
1894,283.521739130435,6521,2023-03-22 18:32:41.896278784
1895,423.890410958904,30944,2023-08-31 18:36:32.527642112
1896,734.094339622642,194535,2023-02-11 06:29:54.122578944
1897,230.269230769231,5987,2023-01-13 18:09:13.473435904
1898,255.863636363636,5629,2023-02-17 23:45:38.274257920
1899,185.806451612903,5760,2023-08-24 10:12:35.132344832
1900,645.633898305085,190462,2023-01-26 00:32:56.387713536
